,,,,,,,,,,,,,,,,,,,,,,,,,,,,,,,,,,,,,,,,,,,,,,,,,,,,,,,,,,,,,,,,,,,,,,,,,,,,,,,,,,,,,,,,,,,,,,,,,,,,,,,,
0,0.14687,-0.18195,-0.11133,0.2665,-0.08842,0.24754,-0.20444,-0.31442,-0.45472,-0.28185,-0.1681,-0.36654,-0.40862,-0.35623,-0.40403,-0.60015,-0.2745,-0.37528,-0.36084,-0.24401,-0.079276,-0.23012,-0.34974,-0.38568,-0.33023,-0.19178,-0.10708,0.0021407,-0.15592,-0.34866,-0.35102,-0.48529,-0.46564,-0.42836,-0.2016,-0.48223,-0.46938,-0.27612,-0.36355,0.080237,-0.22967,-0.089879,-0.22262,-0.29429,-0.17455,-0.31038,-0.35688,-0.092459,-0.44188,-0.45523,0.0017534,0.20534,-0.048711,-0.12312,0.19618,0.13776,-0.53643,-0.5064,0.16992,-0.15662,-0.34473,-0.26903,-0.32727,-0.065429,-0.30914,-0.36805,-0.35579,-0.15132,-0.33715,-0.28532,-0.3138,-0.30964,-0.28998,-0.30168,-0.32434,-0.17827,-0.46837,-0.44281,-0.51718,-0.51015,-0.13428,-0.37906,-0.25769,-0.32706,-0.57787,-0.42993,-0.35421,-0.30776,-0.21665,-0.17508,-0.1778,-0.21816,-0.40935,-0.29863,-0.28042,-0.33866,-0.32224,-0.33696,-0.25645,-0.24871,-0.28872,-0.34603,-0.41007,-0.38804
0.14687,0,-0.61837,-0.46548,-0.13436,0.24829,-0.23613,0.023949,-0.43585,-0.27926,-0.65008,-0.13398,-0.70078,-0.60126,-0.24576,-0.18559,-0.36359,-0.4968,-0.31372,-0.12008,-0.0040843,0.0078954,0.073908,-0.046968,-0.32403,-0.26121,0.082036,0.10025,-0.071972,-0.079829,-0.56721,-0.60258,-0.71832,-0.67691,-0.54967,-0.30483,-0.78667,-0.7234,-0.58078,-0.28341,0.074891,0.19409,-0.14585,0.14733,-0.21265,-0.14353,-0.266,-0.33198,0.042105,-0.71491,-0.58688,0.077235,0.033162,0.32237,-0.29118,0.10337,0.133,-0.44975,-0.47036,0.042403,0.18485,-0.28343,-0.1074,-0.22678,-0.072975,-0.21422,-0.20113,-0.52556,-0.22169,-0.29844,-0.28703,-0.34836,-0.25746,-0.10624,-0.17852,-0.59945,-0.28358,-0.67808,-0.61249,-0.70863,-0.55596,-0.32524,-0.5825,-0.21681,-0.25961,-0.66596,-0.30219,-0.17843,-0.25042,0.048794,-0.020083,-0.40382,-0.10604,-0.48047,-0.082603,-0.57035,-0.50097,-0.48154,-0.25732,-0.20431,-0.1124,-0.47982,-0.38667,-0.3696,-0.3031
-0.18195,-0.61837,0,0.5861,-0.1494,-0.63958,0.081724,-0.26511,0.041407,-0.29639,0.45628,-0.33337,0.062738,-0.0024727,-0.51869,-0.60219,-0.29618,0.22405,-0.089091,-0.41282,-0.84415,-0.49642,-0.57309,-0.6442,-0.2137,-0.23296,-0.65805,-0.60571,-0.47824,-0.53018,0.1958,0.17951,0.068686,0.091249,0.1431,0.064516,0.30845,0.37159,0.34421,-0.037105,-0.55176,-0.64918,-0.077678,-0.45211,-0.2483,-0.33806,-0.2118,-0.20075,-0.66492,-0.090253,-0.31966,-0.63764,-0.37259,-0.63622,-0.10873,-0.42831,-0.35744,-0.13428,-0.14862,-0.26172,-0.47299,-0.66137,-0.70604,-0.60518,-0.40525,-0.27895,-0.28948,-0.071903,-0.25551,-0.55138,-0.3195,-0.26513,-0.38018,-0.38418,-0.30794,0.46873,0.10573,0.13186,0.023921,0.075665,0.071598,0.1523,0.04638,-0.22944,-0.3048,0.07469,-0.17008,-0.26339,-0.21793,-0.40596,-0.43155,-0.14261,-0.4299,-0.10566,-0.40383,0.3128,0.091311,0.085155,-0.35765,-0.59197,-0.70353,-0.23816,-0.33448,-0.25811,-0.37021
-0.11133,-0.46548,0.5861,0,-0.16508,-0.59269,0.25995,-0.19743,0.01742,-0.21291,0.28007,-0.29561,-0.032477,-0.11302,-0.43352,-0.51889,-0.30021,0.05937,-0.041967,-0.40812,-0.63753,-0.39466,-0.41889,-0.49267,-0.1721,-0.13754,-0.68734,-0.61375,-0.35548,-0.43085,0.097854,0.15105,-0.061818,-0.10193,0.078342,0.15402,0.18639,0.19086,0.30228,-0.030548,-0.35871,-0.53939,-0.011582,-0.29925,-0.37692,-0.37487,-0.3056,-0.17614,-0.43793,-0.15535,-0.36223,-0.48323,-0.3516,-0.53313,-0.04822,-0.24857,-0.17735,-0.2317,-0.21454,-0.25093,-0.41172,-0.51777,-0.54089,-0.52513,-0.30518,-0.33933,-0.19696,-0.13334,-0.30313,-0.52886,-0.33144,-0.32489,-0.38374,-0.39666,-0.26539,0.16354,0.069724,0.095758,0.022324,0.062441,0.014058,0.2642,0.2215,-0.14317,-0.17159,0.022683,-0.096706,-0.28843,-0.20926,-0.35962,-0.34095,-0.16363,-0.40502,-0.2772,-0.49812,0.28071,0.13411,0.059204,-0.2667,-0.63944,-0.59696,-0.15769,-0.22401,-0.32259,-0.49749
0.2665,-0.13436,-0.1494,-0.16508,0,0.11321,0.29647,-0.14732,-0.13277,-0.34527,-0.085771,-0.080244,-0.081794,-0.19476,-0.48283,-0.45,-0.65537,-0.35628,-0.28555,-0.33974,-0.32122,-0.1411,-0.19,-0.25522,-0.21163,-0.077851,-0.022275,-0.16813,0.22082,0.020546,-0.1148,-0.07137,-0.12293,-0.050931,-0.25907,-0.17714,-0.26414,-0.25224,-0.15726,-0.23545,0.051408,-0.16977,-0.098241,-0.21419,-0.31577,-0.18139,-0.53507,-0.5442,-0.13033,-0.18117,-0.18352,-0.31286,0.13993,-0.083758,0.0018641,0.1561,0.081759,-0.58316,-0.57138,0.27522,-0.15841,-0.463,-0.47468,-0.51159,-0.20211,-0.55954,-0.64146,-0.33052,-0.16993,-0.3149,-0.16283,-0.40515,-0.36141,-0.5666,-0.51936,-0.26533,-0.15001,-0.26332,-0.24219,-0.33121,-0.24718,-0.25142,-0.4121,-0.11788,-0.19235,-0.34904,-0.23902,-0.58334,-0.49734,-0.55269,-0.53459,0.13502,-0.018755,-0.26416,-0.20724,-0.22168,-0.2996,-0.22085,-0.42097,-0.38418,-0.42971,-0.27929,-0.42877,-0.49959,-0.3963
-0.08842,0.24829,-0.63958,-0.59269,0.11321,0,-0.2797,0.031516,-0.36507,-0.2247,-0.52713,-0.023029,-0.41883,-0.40091,-0.29278,-0.12915,-0.40534,-0.59409,-0.2895,-0.064993,0.0064014,0.02424,0.12166,0.10278,-0.21975,-0.10108,0.36666,0.10896,0.1761,0.21865,-0.43774,-0.44804,-0.37931,-0.29549,-0.50118,-0.39324,-0.60473,-0.56414,-0.55935,-0.24698,0.16365,0.32947,-0.26248,0.018118,-0.31675,-0.22712,-0.53327,-0.61069,0.067255,-0.39336,-0.23582,-0.22567,0.087479,0.40288,-0.19346,0.090287,0.0086148,-0.5547,-0.57179,0.022607,0.15417,-0.32283,-0.1763,-0.36938,-0.19575,-0.5038,-0.54994,-0.54805,-0.1171,-0.30149,-0.17982,-0.5241,-0.41575,-0.41622,-0.47986,-0.61282,-0.27456,-0.4928,-0.39646,-0.56128,-0.3354,-0.40597,-0.66531,-0.087119,-0.12493,-0.51138,-0.20011,-0.45974,-0.49097,-0.31528,-0.38607,-0.19805,0.12957,-0.3845,0.03763,-0.64135,-0.59229,-0.46059,-0.37516,-0.17077,-0.17209,-0.41341,-0.46737,-0.43232,-0.30483
0.24754,-0.23613,0.081724,0.25995,0.29647,-0.2797,0,-0.1918,0.0032059,-0.27212,0.065601,-0.23548,-0.071031,-0.13085,-0.45911,-0.58402,-0.47249,-0.15194,-0.13915,-0.51759,-0.45754,-0.32981,-0.31171,-0.44437,-0.19283,-0.13442,-0.4635,-0.50865,0.010109,-0.26547,0.016521,0.099445,-0.19854,-0.20169,-0.18816,-0.065069,-0.15657,-0.14201,0.0051357,-0.25991,-0.078653,-0.45305,-0.040971,-0.22466,-0.38388,-0.26833,-0.40933,-0.29149,-0.16291,-0.16561,-0.27672,-0.2958,-0.098795,-0.31017,0.0095347,0.091615,0.073535,-0.47577,-0.44519,0.19779,-0.34668,-0.41227,-0.48736,-0.43508,-0.11738,-0.42576,-0.34986,-0.084574,-0.24472,-0.28528,-0.22347,-0.28663,-0.27268,-0.46551,-0.32585,-0.15501,-0.081545,-0.09683,-0.11715,-0.21554,-0.16554,-0.11551,-0.11658,0.00097871,-0.0853,-0.20377,-0.14577,-0.41851,-0.29165,-0.44404,-0.34748,0.12984,-0.19393,-0.24821,-0.35431,0.10316,0.044478,-0.042099,-0.21143,-0.42658,-0.44957,-0.082215,-0.22881,-0.40397,-0.45763
-0.20444,0.023949,-0.26511,-0.19743,-0.14732,0.031516,-0.1918,0,-0.28952,-0.081123,-0.19722,0.25221,-0.25555,-0.13323,-0.7009,-0.37405,-0.41353,-0.48867,-0.032491,-0.033217,-0.52033,-0.27129,-0.13529,-0.14637,-0.28588,0.078038,-0.18736,-0.1617,-0.31247,-0.29426,-0.21811,-0.12944,-0.27195,-0.17757,-0.21528,0.1964,-0.26228,-0.18636,-0.14136,0.23971,-0.30754,0.018907,-0.13056,0.052024,-0.083156,-0.1085,-0.19595,-0.12689,-0.43071,-0.4522,-0.38798,-0.58458,-0.42304,-0.23444,-0.43641,-0.24858,-0.17191,-0.14274,-0.1579,-0.22168,0.034656,-0.79399,-0.54353,-0.76523,-0.54636,-0.16324,-0.068085,-0.64318,-0.4295,-0.81274,-0.60764,-0.49481,-0.26027,-0.087057,-0.02998,-0.19278,0.32869,-0.28174,-0.25375,-0.40168,-0.20766,-0.28735,-0.55046,-0.052896,-0.16681,-0.20111,0.0020301,-0.084118,-0.087922,0.023458,-0.049015,-0.3881,-0.12643,-0.3592,-0.0117,-0.36351,-0.31051,-0.29883,-0.31334,-0.63465,-0.64806,-0.63527,-0.63225,-0.3603,-0.42717
-0.31442,-0.43585,0.041407,0.01742,-0.13277,-0.36507,0.0032059,-0.28952,0,0.014252,0.27808,-0.49913,-0.11044,-0.27689,-0.27958,-0.39089,-0.18212,0.11115,0.053338,-0.34767,-0.48602,-0.41812,-0.18915,-0.29898,0.59932,0.13101,-0.34239,-0.54821,-0.15021,-0.22035,0.31951,0.067262,-0.020456,-0.0027771,-0.068389,-0.215,0.11954,0.15766,0.20793,0.052059,-0.32047,-0.3265,-0.18644,-0.12098,-0.33461,-0.3328,-0.54196,-0.33592,-0.30669,-0.17103,-0.4238,-0.38629,-0.28697,-0.332,0.19901,-0.27444,-0.18297,-0.37118,-0.37228,0.034227,-0.36657,-0.62709,-0.72949,-0.66256,-0.48469,-0.61684,-0.29771,0.03817,-0.2777,-0.24892,-0.13202,-0.39764,-0.39427,-0.57049,-0.40485,0.15741,-0.22186,0.11448,-0.11791,0.09589,0.12562,-0.16596,-0.13016,0.0030468,-0.19606,0.15878,0.021466,-0.49761,-0.41577,-0.67352,-0.66878,0.042147,-0.29168,-0.073016,-0.36804,0.28988,0.043198,0.2501,-0.28381,-0.42291,-0.55983,-0.14303,-0.26872,-0.26509,-0.32709
-0.45472,-0.27926,-0.29639,-0.21291,-0.34527,-0.2247,-0.27212,-0.081123,0.014252,0,-0.25256,-0.037796,-0.14492,-0.18902,-0.20038,-0.15838,0.061922,-0.16156,0.31619,0.16876,-0.18832,-0.037008,0.032145,0.18911,0.052149,0.37203,-0.25137,-0.25239,-0.12857,-0.03357,-0.039297,-0.022171,-0.16742,-0.23657,-0.067587,-0.087486,-0.17775,-0.17603,-0.20773,0.041905,-0.24374,-0.05145,-0.0075358,0.23555,-0.13023,-0.14092,-0.4919,-0.23878,-0.13125,-0.33486,-0.26543,-0.45431,-0.35346,-0.2145,-0.10745,-0.15728,-0.10036,-0.21019,-0.10783,-0.22924,0.090398,-0.41533,-0.3583,-0.52302,-0.51059,-0.39441,-0.12154,-0.35485,-0.42048,-0.26846,-0.11703,-0.24665,-0.16041,-0.2793,-0.16726,-0.25892,-0.15044,-0.097183,0.081157,-0.1676,0.13611,-0.21632,-0.31913,0.13397,0.18099,0.041186,0.43926,-0.31124,-0.2234,-0.42758,-0.40168,-0.027829,0.18427,-0.29767,-0.22262,-0.11294,-0.026543,-0.063727,-0.09313,-0.38875,-0.29427,-0.14099,0.021784,-0.24779,-0.38681
-0.28185,-0.65008,0.45628,0.28007,-0.085771,-0.52713,0.065601,-0.19722,0.27808,-0.25256,0,-0.32743,0.19825,-0.056845,-0.58892,-0.54543,-0.41456,-0.0039598,-0.030638,-0.43385,-0.94809,-0.57467,-0.50844,-0.56742,-0.024973,-0.043717,-0.51268,-0.59021,-0.31864,-0.42927,0.46797,0.25165,0.297,0.27561,0.13123,-0.0069755,0.63694,0.68591,0.69905,0.13566,-0.53895,-0.53384,-0.1703,-0.39536,-0.27248,-0.28527,-0.34973,-0.20699,-0.69675,0.03005,-0.2885,-0.7208,-0.46961,-0.67664,-0.091359,-0.4922,-0.39841,-0.20131,-0.22927,-0.22895,-0.54412,-0.83194,-0.91892,-0.83101,-0.61564,-0.43495,-0.27004,-0.087901,-0.35913,-0.56979,-0.40524,-0.42957,-0.42726,-0.49121,-0.33469,0.59074,0.055337,0.34406,-0.0098943,0.29956,0.15156,-0.080085,-0.051623,-0.15567,-0.28733,0.29773,-0.051111,-0.3855,-0.32752,-0.5458,-0.54219,-0.12089,-0.50831,-0.012343,-0.37706,0.33041,0.032968,0.17533,-0.43186,-0.74565,-0.90988,-0.37577,-0.54331,-0.33076,-0.42103
-0.1681,-0.13398,-0.33337,-0.29561,-0.080244,-0.023029,-0.23548,0.25221,-0.49913,-0.037796,-0.32743,0,-0.070685,-0.057315,-0.62653,-0.27491,-0.52136,-0.59165,-0.12646,0.10109,-0.37753,0.0016911,-0.1686,0.023652,-0.48519,0.057813,-0.085971,0.080403,-0.1623,-0.11755,-0.29288,-0.10307,-0.19815,-0.17743,-0.14234,0.14752,-0.3479,-0.31969,-0.3151,-0.032221,-0.23528,0.0064291,0.01015,-0.028085,0.090889,0.14447,-0.28115,-0.1916,-0.35305,-0.33503,-0.14871,-0.59169,-0.37051,-0.30753,-0.55349,-0.20936,-0.19526,-0.15616,-0.076841,-0.27896,0.15195,-0.51811,-0.34372,-0.57805,-0.50182,-0.16221,-0.18541,-0.71951,-0.33178,-0.56763,-0.41453,-0.28723,-0.042915,-0.072442,-0.025367,-0.34448,0.21208,-0.31878,-0.13676,-0.43535,-0.24093,-0.36901,-0.63439,-0.089713,-0.048552,-0.25508,-0.015365,-0.20898,-0.12632,-0.086753,-0.073466,-0.24898,0.064343,-0.40052,-0.07442,-0.44466,-0.36407,-0.35382,-0.308,-0.53736,-0.43349,-0.50163,-0.39915,-0.42406,-0.50033
-0.36654,-0.70078,0.062738,-0.032477,-0.081794,-0.41883,-0.071031,-0.25555,-0.11044,-0.14492,0.19825,-0.070685,0,0.39624,-0.65037,-0.56304,-0.42679,-0.23209,-0.10088,-0.40419,-0.70589,-0.40668,-0.62314,-0.39943,-0.29933,-0.096671,-0.46322,-0.52219,-0.19137,-0.31067,0.1505,0.23886,0.561,0.44978,0.16257,-0.069233,0.29154,0.27912,0.075914,-0.15298,-0.48033,-0.54076,-0.11454,-0.41424,-0.082305,-0.082202,-0.40149,-0.23503,-0.51275,0.49529,0.29205,-0.87331,-0.46552,-0.70326,-0.26412,-0.41615,-0.38991,-0.11497,-0.089789,-0.33051,-0.42055,-0.59638,-0.65385,-0.57013,-0.47846,-0.39681,-0.39362,-0.25037,-0.39009,-0.36175,-0.23294,-0.17977,-0.2003,-0.41907,-0.33677,0.0098736,-0.05688,0.43774,0.47184,0.14592,0.19752,-0.28288,-0.30291,-0.12056,-0.0070032,0.32244,0.088641,-0.43208,-0.30109,-0.5813,-0.5173,0.07902,-0.20762,-0.013152,-0.28191,0.075216,0.021978,-0.0047345,-0.30279,-0.68176,-0.65649,-0.29654,-0.37431,-0.33638,-0.44883
-0.40862,-0.60126,-0.0024727,-0.11302,-0.19476,-0.40091,-0.13085,-0.13323,-0.27689,-0.18902,-0.056845,-0.057315,0.39624,0,-0.79879,-0.77971,-0.29138,-0.24948,-0.10754,-0.48239,-0.76106,-0.56368,-0.68594,-0.53913,-0.4524,-0.25696,-0.57852,-0.6311,-0.37863,-0.57493,-0.060615,0.17563,0.061209,0.22357,-0.061901,-0.086697,-0.022033,0.058152,-0.1141,-0.25637,-0.57696,-0.62316,-0.23008,-0.46717,-0.037955,-0.16916,-0.16098,-0.13317,-0.55501,0.17778,0.28949,-0.98429,-0.59305,-0.7306,-0.47549,-0.43911,-0.41938,0.020947,-0.0026802,-0.35947,-0.44583,-0.58615,-0.66665,-0.50491,-0.39825,-0.1536,-0.32992,-0.22365,-0.4443,-0.37164,-0.31581,-0.080355,-0.07902,-0.21798,-0.17354,-0.14198,0.006602,0.11196,0.35888,-0.17223,0.037499,-0.4149,-0.4335,-0.089651,-0.024613,0.12441,-0.036683,-0.18897,-0.072525,-0.33755,-0.28346,0.0095485,-0.10606,-0.038018,-0.13734,-0.025014,0.082388,-0.049658,-0.050495,-0.53055,-0.671,-0.22361,-0.31683,-0.32658,-0.39701
-0.35623,-0.24576,-0.51869,-0.43352,-0.48283,-0.29278,-0.45911,-0.7009,-0.27958,-0.20038,-0.58892,-0.62653,-0.65037,-0.79879,0,0.37999,0.065325,-0.082637,-0.22742,-0.15484,0.39292,0.080825,0.032381,0.013968,-0.11541,-0.41174,-0.19043,-0.15211,-0.14034,0.01493,-0.4887,-0.70703,-0.50645,-0.69342,-0.47868,-0.75312,-0.49608,-0.62369,-0.54854,-0.50312,0.1064,-0.092058,-0.35588,-0.1671,-0.70012,-0.67411,-0.62999,-0.62801,0.12439,-0.42837,-0.47727,0.05809,0.026259,0.060787,0.01661,-0.070893,-0.09432,-0.6132,-0.52698,-0.29065,-0.16566,0.2375,0.262,0.12598,-0.071211,-0.61575,-0.43203,-0.17529,-0.058208,-0.063042,0.01143,-0.42165,-0.63676,-0.60412,-0.61704,-0.60019,-0.78431,-0.38735,-0.40942,-0.27093,-0.30381,-0.068071,-0.0663,-0.22096,-0.24077,-0.42787,-0.36442,-0.52885,-0.62623,-0.51691,-0.54344,-0.2235,-0.21023,-0.34304,-0.39481,-0.33144,-0.33112,-0.29789,-0.26302,0.13863,0.40274,0.061638,0.16504,-0.10893,-0.082043
-0.40403,-0.18559,-0.60219,-0.51889,-0.45,-0.12915,-0.58402,-0.37405,-0.39089,-0.15838,-0.54543,-0.27491,-0.56304,-0.77971,0.37999,0,-0.16838,-0.29619,-0.19133,0.13114,0.19685,0.19221,0.12636,0.27288,-0.17978,-0.23974,-0.0091473,0.14899,-0.12644,0.11527,-0.53363,-0.73665,-0.40731,-0.56692,-0.44596,-0.55214,-0.45933,-0.57375,-0.50368,-0.2566,0.079207,0.21793,-0.3709,-0.087666,-0.544,-0.49884,-0.69847,-0.64115,-0.06731,-0.43324,-0.4371,-0.16104,-0.085895,0.0379,-0.17878,-0.19658,-0.21068,-0.58841,-0.4765,-0.36031,0.024821,-0.010344,0.2106,-0.12664,-0.32139,-0.62831,-0.38963,-0.43192,-0.078155,-0.36027,-0.2506,-0.65378,-0.66264,-0.55366,-0.54143,-0.53166,-0.47153,-0.38124,-0.44233,-0.24935,-0.28497,-0.12757,-0.24693,-0.16762,-0.27943,-0.38356,-0.27437,-0.55929,-0.67776,-0.39862,-0.46499,-0.35332,-0.19291,-0.33257,-0.20383,-0.47973,-0.47789,-0.38183,-0.40544,-0.079068,0.17749,-0.24566,-0.15943,-0.036074,-0.053124
-0.60015,-0.36359,-0.29618,-0.30021,-0.65537,-0.40534,-0.47249,-0.41353,-0.18212,0.061922,-0.41456,-0.52136,-0.42679,-0.29138,0.065325,-0.16838,0,0.13179,0.1564,-0.11347,-0.13433,-0.26461,-0.1278,-0.21992,-0.13579,-0.32293,-0.44017,-0.45658,-0.42609,-0.3408,-0.25794,-0.31982,-0.38268,-0.43146,-0.28488,-0.50774,-0.31388,-0.32409,-0.38589,-0.29823,-0.36207,-0.30624,-0.25982,-0.13473,-0.37585,-0.57007,-0.25904,-0.25669,-0.23696,-0.33385,-0.3515,-0.40561,-0.36918,-0.21719,-0.17537,-0.30288,-0.26163,-0.12423,-0.11801,-0.39892,-0.20842,-0.12777,-0.15365,-0.10865,-0.19876,-0.22777,-0.16031,-0.01448,-0.31611,-0.15645,-0.054514,-0.17917,-0.35286,-0.30278,-0.30059,-0.34503,-0.40151,-0.1915,-0.077547,-0.24513,0.031495,-0.14394,-0.10357,-0.044485,-0.011866,-0.1153,-0.010814,-0.1296,-0.18465,-0.35441,-0.3906,-0.21647,-0.12078,-0.19671,-0.24451,-0.11752,0.0071,-0.11189,0.039242,-0.098719,-0.075209,-0.0080614,0.12378,-0.14272,-0.13765
-0.2745,-0.4968,0.22405,0.05937,-0.35628,-0.59409,-0.15194,-0.48867,0.11115,-0.16156,-0.0039598,-0.59165,-0.23209,-0.24948,-0.082637,-0.29619,0.13179,0,0.039394,-0.28305,-0.4227,-0.35853,-0.32585,-0.45361,-0.025962,-0.33292,-0.57451,-0.53941,-0.44489,-0.42865,-0.083156,-0.20967,-0.22074,-0.2243,-0.18413,-0.3585,-0.057142,-0.058221,-0.0038215,-0.19736,-0.38201,-0.50166,-0.23902,-0.33951,-0.36685,-0.55276,-0.34532,-0.33105,-0.42358,-0.18465,-0.41409,-0.40376,-0.19741,-0.36477,0.056382,-0.31712,-0.26931,-0.24611,-0.20712,-0.16041,-0.35804,-0.36707,-0.39925,-0.29568,-0.24667,-0.37784,-0.30317,0.1732,-0.16407,-0.30803,-0.13808,-0.27109,-0.47313,-0.48654,-0.44543,0.12515,-0.20111,-0.0078608,-0.08456,-0.056997,0.060663,0.12197,0.002867,-0.086172,-0.28028,-0.02074,-0.16916,-0.34372,-0.32328,-0.50502,-0.54326,-0.075029,-0.31203,-0.02619,-0.32567,0.29716,0.16795,0.097494,-0.16775,-0.20513,-0.27412,0.01549,-0.049728,0.066833,-0.005772
-0.37528,-0.31372,-0.089091,-0.041967,-0.28555,-0.2895,-0.13915,-0.032491,0.053338,0.31619,-0.030638,-0.12646,-0.10088,-0.10754,-0.22742,-0.19133,0.1564,0.039394,0,0.015919,-0.38123,-0.19859,-0.036185,-0.1119,0.0049212,0.097813,-0.32364,-0.33441,-0.18992,-0.23577,0.065601,0.017579,-0.10113,-0.14382,-0.057959,-0.13816,-0.032913,-0.0451,0.0015736,0.16039,-0.2717,-0.13471,-0.01576,0.10668,-0.20903,-0.3205,-0.37017,-0.19938,-0.3518,-0.21112,-0.30886,-0.68793,-0.42063,-0.33872,-0.14391,-0.21995,-0.089423,-0.13074,-0.091193,-0.18958,-0.063686,-0.44913,-0.41222,-0.48883,-0.43525,-0.3179,-0.069703,-0.12118,-0.40256,-0.41611,-0.19344,-0.32881,-0.30125,-0.34281,-0.16727,-0.10831,-0.020325,0.11225,0.12968,-0.0055161,0.36068,-0.085957,-0.15853,0.42156,0.1621,0.26515,0.46437,-0.20264,-0.20232,-0.3549,-0.36899,0.014231,0.00051529,-0.024689,-0.088759,0.19221,0.26729,0.25934,0.027553,-0.4522,-0.38967,-0.15004,-0.106,-0.20669,-0.25225
-0.36084,-0.12008,-0.41282,-0.40812,-0.33974,-0.064993,-0.51759,-0.033217,-0.34767,0.16876,-0.43385,0.10109,-0.40419,-0.48239,-0.15484,0.13114,-0.11347,-0.28305,0.015919,0,-0.071329,0.18831,0.21046,0.32282,-0.2241,0.079864,0.010697,0.17594,-0.24546,0.085577,-0.34534,-0.33596,-0.31601,-0.37324,-0.21666,-0.12693,-0.37924,-0.40031,-0.37073,0.058443,-0.20022,0.25212,-0.075292,0.15897,-0.15604,-0.18223,-0.45769,-0.39883,-0.25796,-0.57305,-0.45283,-0.39059,-0.18572,-0.0073697,-0.2381,-0.19654,-0.19426,-0.28078,-0.18463,-0.31954,0.45697,-0.32038,-0.11851,-0.43367,-0.47696,-0.33819,-0.22834,-0.62619,-0.32755,-0.51136,-0.26632,-0.42703,-0.32512,-0.28086,-0.28801,-0.30782,-0.083447,-0.429,-0.27456,-0.36261,-0.14395,-0.10917,-0.37466,-0.14128,-0.16856,-0.32855,0.017828,-0.31808,-0.3576,-0.26301,-0.36263,-0.36739,0.046428,-0.42566,-0.13185,-0.46237,-0.40563,-0.41249,-0.40597,-0.34692,-0.14541,-0.44002,-0.23021,-0.19634,-0.20562
-0.24401,-0.0040843,-0.84415,-0.63753,-0.32122,0.0064014,-0.45754,-0.52033,-0.48602,-0.18832,-0.94809,-0.37753,-0.70589,-0.76106,0.39292,0.19685,-0.13433,-0.4227,-0.38123,-0.071329,0,0.28117,0.22029,0.24971,-0.24494,-0.32109,0.025146,0.0033581,0.01928,0.26327,-0.71581,-0.73535,-0.65392,-0.76211,-0.62485,-0.64507,-0.80935,-0.96661,-0.80943,-0.58155,0.35328,0.10341,-0.32597,-0.047805,-0.60675,-0.4901,-0.67059,-0.67267,0.51431,-0.53738,-0.37199,0.2095,0.17209,0.37791,-0.080638,0.21116,0.071875,-0.68678,-0.58282,-0.22675,0.033307,0.31894,0.41063,0.12908,0.024592,-0.58897,-0.51406,-0.45094,-0.16466,-0.0074389,0.022088,-0.38446,-0.45729,-0.51032,-0.58758,-1,-0.78322,-0.66696,-0.47648,-0.56919,-0.5025,-0.25487,-0.31756,-0.27836,-0.17937,-0.70465,-0.38946,-0.5606,-0.58764,-0.44311,-0.44796,-0.25695,0.0094378,-0.61133,-0.37577,-0.64835,-0.547,-0.5631,-0.27145,0.11913,0.51362,-0.039657,0.10295,-0.30982,-0.22608
-0.079276,0.0078954,-0.49642,-0.39466,-0.1411,0.02424,-0.32981,-0.27129,-0.41812,-0.037008,-0.57467,0.0016911,-0.40668,-0.56368,0.080825,0.19221,-0.26461,-0.35853,-0.19859,0.18831,0.28117,0,0.19689,0.47945,-0.24767,-0.08797,0.17253,0.36417,0.0046653,0.43989,-0.46205,-0.48058,-0.36705,-0.5091,-0.26528,-0.28217,-0.51432,-0.6241,-0.49112,-0.26096,0.25818,0.30005,0.05764,0.14988,-0.2945,-0.21815,-0.52917,-0.43995,0.086628,-0.46175,-0.39312,-0.090827,0.11344,0.1623,-0.12999,0.18462,0.21134,-0.40481,-0.27793,-0.20604,0.38912,-0.12372,0.05744,-0.17597,-0.2031,-0.44264,-0.32437,-0.61983,-0.075112,-0.28503,-0.037783,-0.32939,-0.37234,-0.35015,-0.38357,-0.57525,-0.34871,-0.45308,-0.32949,-0.45586,-0.35434,-0.10142,-0.40506,-0.18174,-0.051284,-0.45485,-0.18408,-0.41585,-0.38891,-0.34846,-0.36838,-0.18919,0.084816,-0.57713,-0.36304,-0.50099,-0.49493,-0.4197,-0.40461,-0.20654,0.064004,-0.23977,-0.052508,-0.37913,-0.3808
-0.23012,0.073908,-0.57309,-0.41889,-0.19,0.12166,-0.31171,-0.13529,-0.18915,0.032145,-0.50844,-0.1686,-0.62314,-0.68594,0.032381,0.12636,-0.1278,-0.32585,-0.036185,0.21046,0.22029,0.19689,0,0.43525,0.087929,0.11218,0.17171,0.055254,-0.0074113,0.26833,-0.43744,-0.41153,-0.53324,-0.50572,-0.45548,-0.31078,-0.56638,-0.60214,-0.39553,-0.069641,0.2165,0.48816,-0.17019,0.36132,-0.45198,-0.40478,-0.6558,-0.51382,0.08539,-0.61507,-0.57314,-0.11568,-0.036019,0.28461,-0.056437,0.14557,0.16887,-0.52435,-0.44499,-0.049818,0.25461,-0.15497,-0.061237,-0.288,-0.24387,-0.56295,-0.29997,-0.40756,-0.2239,-0.2891,-0.12123,-0.55286,-0.40599,-0.48021,-0.41049,-0.52109,-0.31567,-0.52635,-0.45568,-0.46268,-0.29686,-0.19564,-0.3149,0.0099773,-0.13181,-0.43491,-0.11701,-0.47829,-0.45789,-0.36783,-0.42113,-0.24881,0.03117,-0.54514,-0.27807,-0.42193,-0.40288,-0.30324,-0.2495,-0.1797,-0.035106,-0.18,-0.10568,-0.35034,-0.26505
-0.34974,-0.046968,-0.6442,-0.49267,-0.25522,0.10278,-0.44437,-0.14637,-0.29898,0.18911,-0.56742,0.023652,-0.39943,-0.53913,0.013968,0.27288,-0.21992,-0.45361,-0.1119,0.32282,0.24971,0.47945,0.43525,0,-0.056077,0.16984,0.19815,0.19012,0.017683,0.47558,-0.43414,-0.41651,-0.33529,-0.41054,-0.29278,-0.25784,-0.48067,-0.54612,-0.47479,-0.11392,0.15162,0.54204,-0.10109,0.3266,-0.30575,-0.22413,-0.71924,-0.50546,0.10579,-0.44722,-0.3382,-0.19566,-0.086663,0.15152,-0.14776,0.034379,0.050731,-0.45173,-0.32881,-0.21843,0.42294,-0.17854,-0.020767,-0.2913,-0.34183,-0.58538,-0.32889,-0.62235,-0.19774,-0.28223,-0.093365,-0.45711,-0.3464,-0.42413,-0.39803,-0.58045,-0.33479,-0.40285,-0.291,-0.37808,-0.24154,-0.24344,-0.4406,-0.060151,-0.020989,-0.33791,-0.023479,-0.52165,-0.47866,-0.40102,-0.43904,-0.20537,0.15138,-0.53175,-0.26247,-0.51305,-0.46551,-0.38583,-0.3454,-0.25529,-0.015158,-0.25041,-0.090993,-0.29542,-0.32349
-0.38568,-0.32403,-0.2137,-0.1721,-0.21163,-0.21975,-0.19283,-0.28588,0.59932,0.052149,-0.024973,-0.48519,-0.29933,-0.4524,-0.11541,-0.17978,-0.13579,-0.025962,0.0049212,-0.2241,-0.24494,-0.24767,0.087929,-0.056077,0,0.22101,-0.14731,-0.3697,-0.10811,-0.049167,-0.030942,-0.17247,-0.1916,-0.13886,-0.24695,-0.31388,-0.089298,-0.089658,0.035493,0.081413,-0.14126,-0.070665,-0.28775,-0.011561,-0.45763,-0.45123,-0.70062,-0.44021,-0.17002,-0.27881,-0.47847,-0.27448,-0.23099,-0.15456,0.19707,-0.18164,-0.090619,-0.45294,-0.4251,-0.04104,-0.25288,-0.50142,-0.54144,-0.57606,-0.48908,-0.76036,-0.32559,-0.107,-0.25387,-0.26249,-0.14157,-0.56784,-0.49554,-0.63828,-0.4806,-0.073625,-0.32095,-0.087126,-0.25872,-0.046138,-0.031433,-0.19276,-0.19698,-0.0037316,-0.22378,0.0018641,-0.057191,-0.59791,-0.49708,-0.68387,-0.70213,-0.083211,-0.24385,-0.26484,-0.41496,0.0096661,-0.14964,0.10178,-0.25963,-0.33441,-0.41673,-0.1074,-0.21949,-0.28234,-0.30894
-0.33023,-0.26121,-0.23296,-0.13754,-0.077851,-0.10108,-0.13442,0.078038,0.13101,0.37203,-0.043717,0.057813,-0.096671,-0.25696,-0.41174,-0.23974,-0.32293,-0.33292,0.097813,0.079864,-0.32109,-0.08797,0.11218,0.16984,0.22101,0,-0.07949,-0.18125,-0.038177,0.069101,0.025983,0.092286,-0.063374,-0.048835,-0.046864,0.11303,-0.066362,-0.055434,0.027117,0.35722,-0.18821,0.071246,-0.032298,0.19671,-0.19224,-0.10559,-0.61648,-0.30833,-0.22437,-0.32847,-0.33533,-0.46833,-0.3279,-0.22152,-0.057592,-0.13556,-0.066376,-0.32677,-0.25279,-0.13069,0.019564,-0.63676,-0.57603,-0.83877,-0.66667,-0.55556,-0.21901,-0.46593,-0.43614,-0.45071,-0.27333,-0.48362,-0.24889,-0.40962,-0.2502,-0.11501,-0.010621,-0.13221,-0.1068,-0.1276,0.0071899,-0.23446,-0.33854,0.021943,-0.049409,-0.0013937,0.23167,-0.4767,-0.34074,-0.50592,-0.49316,-0.10005,-0.010558,-0.40348,-0.32091,-0.15366,-0.20193,-0.08115,-0.31515,-0.62173,-0.55557,-0.32066,-0.29174,-0.42758,-0.52334
-0.19178,0.082036,-0.65805,-0.68734,-0.022275,0.36666,-0.4635,-0.18736,-0.34239,-0.25137,-0.51268,-0.085971,-0.46322,-0.57852,-0.19043,-0.0091473,-0.44017,-0.57451,-0.32364,0.010697,0.025146,0.17253,0.17171,0.19815,-0.14731,-0.07949,0,0.4717,0.055448,0.2504,-0.42389,-0.49446,-0.33229,-0.29944,-0.36686,-0.41227,-0.53708,-0.5523,-0.50377,-0.17778,0.034601,0.52233,-0.16957,0.050578,-0.20235,-0.13751,-0.49525,-0.56053,-0.099244,-0.47987,-0.40358,-0.18439,-0.027421,0.17653,-0.2568,-0.082209,-0.028327,-0.46392,-0.47921,-0.076682,0.17621,-0.31963,-0.23048,-0.35025,-0.33294,-0.46887,-0.46319,-0.55711,-0.15344,-0.25066,-0.11646,-0.43811,-0.3462,-0.37006,-0.40821,-0.5341,-0.40391,-0.54073,-0.55171,-0.46471,-0.40615,-0.45,-0.65198,-0.26281,-0.28922,-0.47047,-0.28732,-0.44027,-0.50719,-0.3496,-0.44316,-0.2518,-0.028929,-0.37749,-0.13522,-0.59756,-0.65551,-0.37652,-0.44842,-0.2711,-0.21067,-0.50831,-0.43645,-0.51937,-0.32279
-0.10708,0.10025,-0.60571,-0.61375,-0.16813,0.10896,-0.50865,-0.1617,-0.54821,-0.25239,-0.59021,0.080403,-0.52219,-0.6311,-0.15211,0.14899,-0.45658,-0.53941,-0.33441,0.17594,0.0033581,0.36417,0.055254,0.19012,-0.3697,-0.18125,0.4717,0,-0.093711,0.10738,-0.53769,-0.61366,-0.44206,-0.49704,-0.3758,-0.32912,-0.59786,-0.64138,-0.55196,-0.19745,-0.013906,0.42398,-0.13756,-0.019432,-0.13814,-0.079158,-0.36515,-0.43532,-0.19119,-0.61445,-0.48438,-0.16039,-0.062406,0.055088,-0.39919,-0.14635,-0.11231,-0.40218,-0.35332,-0.23,0.26084,-0.28822,-0.095426,-0.32136,-0.39799,-0.29835,-0.30594,-0.69145,-0.13539,-0.40831,-0.30245,-0.42178,-0.32284,-0.19493,-0.24968,-0.51704,-0.28186,-0.62902,-0.59981,-0.53265,-0.50351,-0.34282,-0.63606,-0.33012,-0.35278,-0.55566,-0.35197,-0.31293,-0.38587,-0.16517,-0.2295,-0.39455,-0.094292,-0.44694,-0.13782,-0.66744,-0.68715,-0.47448,-0.4638,-0.25282,-0.12514,-0.55698,-0.3925,-0.38699,-0.30408
0.0021407,-0.071972,-0.47824,-0.35548,0.22082,0.1761,0.010109,-0.31247,-0.15021,-0.12857,-0.31864,-0.1623,-0.19137,-0.37863,-0.14034,-0.12644,-0.42609,-0.44489,-0.18992,-0.24546,0.01928,0.0046653,-0.0074113,0.017683,-0.10811,-0.038177,0.055448,-0.093711,0,0.30067,-0.20559,-0.26821,-0.22682,-0.26926,-0.38935,-0.4447,-0.38488,-0.40836,-0.39356,-0.35191,0.30576,-0.0083865,-0.20255,-0.090059,-0.42257,-0.19985,-0.82299,-0.70814,0.29284,-0.18573,-0.096422,-0.14587,0.11519,0.067517,0.042009,0.18632,0.062447,-0.81884,-0.76455,0.12572,-0.11696,-0.14476,-0.14689,-0.31968,-0.16585,-0.75851,-0.62805,-0.27151,-0.18145,-0.031737,-0.00041846,-0.43385,-0.3641,-0.62943,-0.53397,-0.56158,-0.45512,-0.24454,-0.18538,-0.21664,-0.16885,-0.32503,-0.34023,0.014681,-0.0096799,-0.31593,-0.11273,-0.73623,-0.68618,-0.61884,-0.5499,0.1502,0.093732,-0.23135,-0.1411,-0.27593,-0.28209,-0.16591,-0.21433,-0.17824,-0.10275,-0.10308,-0.18341,-0.43506,-0.38462
-0.15592,-0.079829,-0.53018,-0.43085,0.020546,0.21865,-0.26547,-0.29426,-0.22035,-0.03357,-0.42927,-0.11755,-0.31067,-0.57493,0.01493,0.11527,-0.3408,-0.42865,-0.23577,0.085577,0.26327,0.43989,0.26833,0.47558,-0.049167,0.069101,0.2504,0.10738,0.30067,0,-0.3101,-0.36489,-0.21451,-0.31222,-0.28422,-0.34843,-0.40169,-0.47889,-0.42558,-0.2352,0.31719,0.27129,-0.08824,0.099244,-0.42887,-0.255,-0.8509,-0.66877,0.23647,-0.31913,-0.27367,-0.1048,0.20367,0.29297,0.093241,0.19353,0.10341,-0.61828,-0.51553,-0.10039,0.17722,-0.15041,-0.036724,-0.29828,-0.23078,-0.76952,-0.55516,-0.5368,-0.090349,-0.19407,0.055987,-0.47721,-0.47365,-0.62262,-0.63286,-0.53338,-0.4298,-0.35699,-0.27306,-0.31568,-0.22949,-0.1619,-0.35013,-0.14635,-0.036883,-0.40323,-0.11424,-0.71105,-0.65402,-0.61008,-0.64357,-0.1096,0.07108,-0.51495,-0.35184,-0.49289,-0.54515,-0.40731,-0.51981,-0.20483,-0.0065743,-0.2275,-0.17836,-0.43737,-0.40412
-0.34866,-0.56721,0.1958,0.097854,-0.1148,-0.43774,0.016521,-0.21811,0.31951,-0.039297,0.46797,-0.29288,0.1505,-0.060615,-0.4887,-0.53363,-0.25794,-0.083156,0.065601,-0.34534,-0.71581,-0.46205,-0.43744,-0.43414,-0.030942,0.025983,-0.42389,-0.53769,-0.20559,-0.3101,0,0.47073,0.31969,0.15976,0.35174,-0.036039,0.36969,0.43076,0.16346,0.0076188,-0.54274,-0.48161,0.047099,-0.20092,-0.12942,-0.1026,-0.28186,-0.16489,-0.49171,-0.0864,-0.28869,-0.6395,-0.47069,-0.55008,-0.098124,-0.44505,-0.34419,-0.1494,-0.20017,-0.17964,-0.39183,-0.6869,-0.78535,-0.7252,-0.54279,-0.33766,-0.21091,-0.065913,-0.31236,-0.30819,-0.14472,-0.1807,-0.23169,-0.35215,-0.21451,0.18675,-0.10409,0.27996,0.072311,0.20272,0.28736,-0.19034,-0.10765,-0.10035,-0.06271,0.27938,0.14738,-0.25315,-0.24587,-0.49998,-0.49473,0.00088188,-0.30377,0.012972,-0.30945,0.2185,0.028307,0.16566,-0.3922,-0.59701,-0.71436,-0.33398,-0.36938,-0.46156,-0.54464
-0.35102,-0.60258,0.17951,0.15105,-0.07137,-0.44804,0.099445,-0.12944,0.067262,-0.022171,0.25165,-0.10307,0.23886,0.17563,-0.70703,-0.73665,-0.31982,-0.20967,0.017579,-0.33596,-0.73535,-0.48058,-0.41153,-0.41651,-0.17247,0.092286,-0.49446,-0.61366,-0.26821,-0.36489,0.47073,0,0.17784,0.20085,0.2841,0.20046,0.17194,0.25618,0.11241,-0.028099,-0.55196,-0.53004,0.079255,-0.20336,-0.081517,-0.070063,-0.25996,-0.10886,-0.49133,-0.090045,-0.16001,-0.7519,-0.5577,-0.63693,-0.23661,-0.36461,-0.3035,-0.080694,-0.098892,-0.20434,-0.35632,-0.62341,-0.77882,-0.69155,-0.46772,-0.25713,-0.22014,-0.15668,-0.43013,-0.32435,-0.17837,-0.09248,-0.029144,-0.29632,-0.1423,0.052315,0.044381,0.10052,0.17095,-0.02581,0.15473,-0.26173,-0.15171,-0.079898,0.0060832,0.14794,0.14373,-0.2377,-0.1227,-0.4366,-0.395,0.016825,-0.1811,-0.17623,-0.35979,0.12437,0.073805,0.045087,-0.26915,-0.68503,-0.76671,-0.25269,-0.27259,-0.54444,-0.62529
-0.48529,-0.71832,0.068686,-0.061818,-0.12293,-0.37931,-0.19854,-0.27195,-0.020456,-0.16742,0.297,-0.19815,0.561,0.061209,-0.50645,-0.40731,-0.38268,-0.22074,-0.10113,-0.31601,-0.65392,-0.36705,-0.53324,-0.33529,-0.1916,-0.063374,-0.33229,-0.44206,-0.22682,-0.21451,0.31969,0.17784,0,0.54972,0.39755,-0.099742,0.55609,0.4477,0.11278,-0.040605,-0.50795,-0.41901,-0.069772,-0.34297,-0.16727,-0.1597,-0.43673,-0.32325,-0.55212,0.30563,0.038287,-0.8446,-0.43259,-0.58231,-0.15687,-0.49271,-0.4194,-0.14406,-0.16496,-0.3768,-0.3657,-0.62191,-0.6575,-0.59763,-0.53235,-0.47974,-0.42683,-0.27803,-0.32393,-0.41408,-0.1826,-0.28207,-0.37641,-0.51594,-0.45026,0.086635,-0.14678,0.46983,0.23855,0.36072,0.30841,-0.17534,-0.18562,-0.21349,-0.089561,0.34683,0.095191,-0.44262,-0.42804,-0.64754,-0.69378,-0.026273,-0.29225,0.010987,-0.30179,0.02103,-0.10847,-0.0401,-0.52733,-0.74667,-0.67558,-0.43425,-0.47423,-0.36138,-0.42501
-0.46564,-0.67691,0.091249,-0.10193,-0.050931,-0.29549,-0.20169,-0.17757,-0.0027771,-0.23657,0.27561,-0.17743,0.44978,0.22357,-0.69342,-0.56692,-0.43146,-0.2243,-0.14382,-0.37324,-0.76211,-0.5091,-0.50572,-0.41054,-0.13886,-0.048835,-0.29944,-0.49704,-0.26926,-0.31222,0.15976,0.20085,0.54972,0,0.11585,-0.072781,0.3427,0.43968,0.14866,0.02011,-0.53518,-0.41138,-0.22715,-0.41445,-0.14752,-0.20408,-0.43545,-0.39408,-0.60786,0.24255,0.082665,-0.95288,-0.45895,-0.58456,-0.21524,-0.50972,-0.45373,-0.1682,-0.22511,-0.30172,-0.41674,-0.75172,-0.8267,-0.73591,-0.56626,-0.48934,-0.53466,-0.25636,-0.36005,-0.45824,-0.24297,-0.35414,-0.34447,-0.52172,-0.45846,0.12336,-0.055628,0.2512,0.16948,0.15655,0.20643,-0.26823,-0.31155,-0.19178,-0.21794,0.25479,-0.034933,-0.47748,-0.4273,-0.597,-0.66718,-0.041075,-0.25003,0.012329,-0.2137,0.0054953,-0.11751,0.02258,-0.40127,-0.68923,-0.83488,-0.38701,-0.54302,-0.37096,-0.37607
-0.42836,-0.54967,0.1431,0.078342,-0.25907,-0.50118,-0.18816,-0.21528,-0.068389,-0.067587,0.13123,-0.14234,0.16257,-0.061901,-0.47868,-0.44596,-0.28488,-0.18413,-0.057959,-0.21666,-0.62485,-0.26528,-0.45548,-0.29278,-0.24695,-0.046864,-0.36686,-0.3758,-0.38935,-0.28422,0.35174,0.2841,0.39755,0.11585,0,0.16233,0.29389,0.27016,0.021452,-0.0045408,-0.59655,-0.3961,0.35267,-0.12418,0.037679,0.015822,-0.18853,-0.081295,-0.55171,-0.099936,-0.26861,-0.6597,-0.51416,-0.57442,-0.26046,-0.48641,-0.32537,0.068825,0.038149,-0.3762,-0.20102,-0.59646,-0.61061,-0.51762,-0.45534,-0.19303,-0.13404,-0.2959,-0.28876,-0.37229,-0.1051,-0.018831,-0.13534,-0.20966,-0.14958,0.074835,-0.076481,0.16905,0.083509,0.1247,0.16305,-0.098103,-0.12209,-0.2711,-0.050565,0.18865,0.13467,-0.13936,-0.15254,-0.34001,-0.39603,-0.15439,-0.29742,-0.15742,-0.39807,0.016901,-0.088828,-0.062627,-0.4943,-0.78773,-0.63736,-0.46599,-0.31871,-0.45127,-0.56851
-0.2016,-0.30483,0.064516,0.15402,-0.17714,-0.39324,-0.065069,0.1964,-0.215,-0.087486,-0.0069755,0.14752,-0.069233,-0.086697,-0.75312,-0.55214,-0.50774,-0.3585,-0.13816,-0.12693,-0.64507,-0.28217,-0.31078,-0.25784,-0.31388,0.11303,-0.41227,-0.32912,-0.4447,-0.34843,-0.036039,0.20046,-0.099742,-0.072781,0.16233,0,-0.014764,0.037444,0.081517,0.19705,-0.47391,-0.28427,0.1301,-0.074828,-0.013954,0.013373,-0.18763,-0.035078,-0.52271,-0.39961,-0.40997,-0.54229,-0.49081,-0.50702,-0.35665,-0.31785,-0.22035,-0.057343,-0.030361,-0.33233,-0.12246,-0.75395,-0.64548,-0.76859,-0.55905,-0.14898,-0.053006,-0.59263,-0.49293,-0.70426,-0.46733,-0.2583,-0.095565,-0.090163,0.0048382,0.021929,0.27181,-0.19935,-0.13154,-0.22312,-0.17837,-0.092542,-0.26417,-0.29221,-0.23754,-0.13222,-0.052902,-0.13683,-0.052806,-0.10706,-0.13055,-0.35961,-0.27065,-0.47814,-0.41027,-0.17711,-0.21255,-0.24259,-0.42506,-0.89116,-0.76942,-0.51014,-0.41465,-0.46108,-0.63692
-0.48223,-0.78667,0.30845,0.18639,-0.26414,-0.60473,-0.15657,-0.26228,0.11954,-0.17775,0.63694,-0.3479,0.29154,-0.022033,-0.49608,-0.45933,-0.31388,-0.057142,-0.032913,-0.37924,-0.80935,-0.51432,-0.56638,-0.48067,-0.089298,-0.066362,-0.53708,-0.59786,-0.38488,-0.40169,0.36969,0.17194,0.55609,0.3427,0.29389,-0.014764,0,0.99896,0.52302,0.11968,-0.60385,-0.52446,-0.17005,-0.41168,-0.28647,-0.31469,-0.37665,-0.23129,-0.68424,0.11156,-0.18097,-0.79042,-0.53814,-0.7308,-0.10351,-0.56769,-0.45334,-0.1301,-0.1584,-0.46412,-0.52891,-0.73532,-0.79732,-0.734,-0.66704,-0.45405,-0.28954,-0.21641,-0.46665,-0.57586,-0.37169,-0.39978,-0.4776,-0.4935,-0.37548,0.37694,-0.095212,0.49577,0.14243,0.59558,0.26456,-0.015379,0.011202,-0.26591,-0.25195,0.4614,0.0021061,-0.38228,-0.36879,-0.59344,-0.61871,-0.17211,-0.48668,-0.046525,-0.43123,0.2308,0.014363,0.098864,-0.4426,-0.8581,-0.85005,-0.39323,-0.46846,-0.31542,-0.43805
-0.46938,-0.7234,0.37159,0.19086,-0.25224,-0.56414,-0.14201,-0.18636,0.15766,-0.17603,0.68591,-0.31969,0.27912,0.058152,-0.62369,-0.57375,-0.32409,-0.058221,-0.0451,-0.40031,-0.96661,-0.6241,-0.60214,-0.54612,-0.089658,-0.055434,-0.5523,-0.64138,-0.40836,-0.47889,0.43076,0.25618,0.4477,0.43968,0.27016,0.037444,0.99896,0,0.46631,0.14828,-0.70231,-0.55591,-0.18479,-0.41842,-0.19137,-0.23812,-0.31303,-0.21255,-0.7255,0.064114,-0.17661,-0.83156,-0.5848,-0.73918,-0.16026,-0.63427,-0.52051,-0.10506,-0.16742,-0.40406,-0.53624,-0.85461,-0.92421,-0.83872,-0.68113,-0.38605,-0.28323,-0.17623,-0.45342,-0.55775,-0.38375,-0.3589,-0.38308,-0.41028,-0.30393,0.48671,-0.0072452,0.41837,0.13856,0.44708,0.28742,-0.08667,-0.065027,-0.25032,-0.27515,0.44189,0.010655,-0.32813,-0.3134,-0.50295,-0.53937,-0.18996,-0.46826,-0.00081271,-0.33826,0.23399,0.028272,0.13247,-0.39445,-0.82588,-0.96933,-0.41764,-0.51876,-0.31515,-0.44267
-0.27612,-0.58078,0.34421,0.30228,-0.15726,-0.55935,0.0051357,-0.14136,0.20793,-0.20773,0.69905,-0.3151,0.075914,-0.1141,-0.54854,-0.50368,-0.38589,-0.0038215,0.0015736,-0.37073,-0.80943,-0.49112,-0.39553,-0.47479,0.035493,0.027117,-0.50377,-0.55196,-0.39356,-0.42558,0.16346,0.11241,0.11278,0.14866,0.021452,0.081517,0.52302,0.46631,0,0.30286,-0.46508,-0.43264,-0.20332,-0.33495,-0.33655,-0.38021,-0.37845,-0.17069,-0.6823,-0.07727,-0.37014,-0.65274,-0.46766,-0.65358,-0.069689,-0.39911,-0.27636,-0.17944,-0.1726,-0.30251,-0.49081,-0.85558,-0.90963,-0.84724,-0.67512,-0.45249,-0.19894,-0.22779,-0.51952,-0.72229,-0.51479,-0.52908,-0.48554,-0.4841,-0.31934,0.5049,0.055766,0.19054,-0.068901,0.20046,0.022144,0.0013038,-0.056043,-0.19543,-0.35151,0.23951,-0.094845,-0.38973,-0.29898,-0.52143,-0.51423,-0.20498,-0.51219,-0.18745,-0.49512,0.28972,0.029711,0.13845,-0.36263,-0.87568,-0.94441,-0.35965,-0.49371,-0.31819,-0.41456
-0.36355,-0.28341,-0.037105,-0.030548,-0.23545,-0.24698,-0.25991,0.23971,0.052059,0.041905,0.13566,-0.032221,-0.15298,-0.25637,-0.50312,-0.2566,-0.29823,-0.19736,0.16039,0.058443,-0.58155,-0.26096,-0.069641,-0.11392,0.081413,0.35722,-0.17778,-0.19745,-0.35191,-0.2352,0.0076188,-0.028099,-0.040605,0.02011,-0.0045408,0.19705,0.11968,0.14828,0.30286,0,-0.4025,0.0035517,-0.1078,0.016963,-0.16028,-0.21963,-0.37587,-0.20207,-0.58843,-0.35587,-0.49716,-0.65582,-0.47428,-0.37496,-0.19829,-0.38762,-0.2342,-0.14049,-0.13541,-0.3008,-0.088413,-0.90983,-0.71462,-0.9833,-0.8245,-0.37568,-0.086587,-0.46842,-0.49299,-0.84553,-0.51927,-0.60641,-0.40709,-0.31249,-0.17833,0.19171,0.2038,-0.066127,-0.18772,-0.013996,0.024703,-0.074745,-0.27382,-0.10231,-0.28726,0.10376,0.08519,-0.27619,-0.26533,-0.29609,-0.3808,-0.34685,-0.29027,-0.27195,-0.24805,-0.069081,-0.17663,-0.009424,-0.36985,-0.82919,-0.7898,-0.55261,-0.54384,-0.31701,-0.38973
0.080237,0.074891,-0.55176,-0.35871,0.051408,0.16365,-0.078653,-0.30754,-0.32047,-0.24374,-0.53895,-0.23528,-0.48033,-0.57696,0.1064,0.079207,-0.36207,-0.38201,-0.2717,-0.20022,0.35328,0.25818,0.2165,0.15162,-0.14126,-0.18821,0.034601,-0.013906,0.30576,0.31719,-0.54274,-0.55196,-0.50795,-0.53518,-0.59655,-0.47391,-0.60385,-0.70231,-0.46508,-0.4025,0,0.14893,-0.27159,-0.039221,-0.67098,-0.4981,-0.7991,-0.69392,0.44404,-0.36469,-0.31516,0.051132,0.33039,0.30522,0.04842,0.58894,0.3777,-0.81894,-0.67977,0.02278,-0.0093825,0.0022791,0.092314,-0.11782,-0.0065882,-0.75254,-0.56135,-0.40345,-0.073002,-0.20808,-0.10113,-0.58116,-0.57614,-0.65935,-0.62349,-0.7207,-0.47947,-0.44932,-0.38847,-0.45475,-0.421,-0.15165,-0.31457,-0.042631,-0.11654,-0.53747,-0.33143,-0.69089,-0.63124,-0.48758,-0.45695,-0.062136,0.025249,-0.50173,-0.31193,-0.42406,-0.41146,-0.34631,-0.25354,-0.045993,0.11603,-0.00064671,-0.077512,-0.32931,-0.27987
-0.22967,0.19409,-0.64918,-0.53939,-0.16977,0.32947,-0.45305,0.018907,-0.3265,-0.05145,-0.53384,0.0064291,-0.54076,-0.62316,-0.092058,0.21793,-0.30624,-0.50166,-0.13471,0.25212,0.10341,0.30005,0.48816,0.54204,-0.070665,0.071246,0.52233,0.42398,-0.0083865,0.27129,-0.48161,-0.53004,-0.41901,-0.41138,-0.3961,-0.28427,-0.52446,-0.55591,-0.43264,0.0035517,0.14893,0,-0.16961,0.29374,-0.29722,-0.25124,-0.5717,-0.51622,-0.040349,-0.57184,-0.48856,-0.20022,-0.066556,0.25464,-0.21294,-0.0049558,0.070471,-0.46569,-0.42112,-0.1466,0.41084,-0.31654,-0.12984,-0.38112,-0.37853,-0.50327,-0.31563,-0.64948,-0.21179,-0.4319,-0.24912,-0.60665,-0.44251,-0.36825,-0.35657,-0.52803,-0.27231,-0.50075,-0.48644,-0.43451,-0.33494,-0.26917,-0.53143,-0.10445,-0.20663,-0.40843,-0.15158,-0.41801,-0.47398,-0.25842,-0.35535,-0.32021,0.024834,-0.46151,-0.11578,-0.55587,-0.5475,-0.3602,-0.35827,-0.30281,-0.15609,-0.44063,-0.34366,-0.34774,-0.27353
-0.089879,-0.14585,-0.077678,-0.011582,-0.098241,-0.26248,-0.040971,-0.13056,-0.18644,-0.0075358,-0.1703,0.01015,-0.11454,-0.23008,-0.35588,-0.3709,-0.25982,-0.23902,-0.01576,-0.075292,-0.32597,0.05764,-0.17019,-0.10109,-0.28775,-0.032298,-0.16957,-0.13756,-0.20255,-0.08824,0.047099,0.079255,-0.069772,-0.22715,0.35267,0.1301,-0.17005,-0.18479,-0.20332,-0.1078,-0.27159,-0.16961,0,0.22729,0.088454,0.12018,-0.15548,-0.051775,-0.26594,-0.34024,-0.423,-0.36882,-0.25718,-0.25573,-0.23497,-0.11397,0.061168,-0.022386,-0.0037523,-0.12421,0.13805,-0.41673,-0.37191,-0.34171,-0.20308,-0.094714,-0.038453,-0.359,-0.19823,-0.25573,0.044934,0.097951,0.00081963,-0.083703,-0.041656,-0.20756,-0.084602,-0.1529,-0.094624,-0.24402,-0.083018,-0.10034,-0.25168,-0.14525,0.11437,-0.13986,0.12425,-0.049672,-0.037112,-0.1716,-0.20661,-0.10483,-0.08077,-0.33417,-0.36064,-0.12426,-0.15371,-0.16204,-0.37356,-0.56802,-0.37122,-0.3917,-0.16646,-0.54921,-0.59648
-0.22262,0.14733,-0.45211,-0.29925,-0.21419,0.018118,-0.22466,0.052024,-0.12098,0.23555,-0.39536,-0.028085,-0.41424,-0.46717,-0.1671,-0.087666,-0.13473,-0.33951,0.10668,0.15897,-0.047805,0.14988,0.36132,0.3266,-0.011561,0.19671,0.050578,-0.019432,-0.090059,0.099244,-0.20092,-0.20336,-0.34297,-0.41445,-0.12418,-0.074828,-0.41168,-0.41842,-0.33495,0.016963,-0.039221,0.29374,0.22729,0,-0.11214,-0.080901,-0.39269,-0.21607,-0.034041,-0.54789,-0.56286,-0.22567,-0.20439,0.063727,-0.17511,0.028569,0.21934,-0.24177,-0.1973,-0.015096,0.47468,-0.34639,-0.23685,-0.34079,-0.2569,-0.30489,-0.029953,-0.43641,-0.26434,-0.26401,-0.052059,-0.24126,-0.14632,-0.19954,-0.12509,-0.41301,-0.19195,-0.32573,-0.28978,-0.38028,-0.16401,-0.23423,-0.39406,0.064924,0.088613,-0.23503,0.18506,-0.19611,-0.20113,-0.17244,-0.23248,-0.17826,0.06592,-0.40676,-0.21202,-0.28929,-0.25091,-0.22145,-0.25568,-0.39594,-0.2087,-0.35111,-0.15322,-0.3861,-0.39238
-0.29429,-0.21265,-0.2483,-0.37692,-0.31577,-0.31675,-0.38388,-0.083156,-0.33461,-0.13023,-0.27248,0.090889,-0.082305,-0.037955,-0.70012,-0.544,-0.37585,-0.36685,-0.20903,-0.15604,-0.60675,-0.2945,-0.45198,-0.30575,-0.45763,-0.19224,-0.20235,-0.13814,-0.42257,-0.42887,-0.12942,-0.081517,-0.16727,-0.14752,0.037679,-0.013954,-0.28647,-0.19137,-0.33655,-0.16028,-0.67098,-0.29722,0.088454,-0.11214,0,0.63189,0.078065,0.065346,-0.57192,-0.33708,-0.28458,-0.52308,-0.55,-0.49563,-0.67402,-0.54453,-0.41205,0.16985,0.11997,-0.24031,-0.068285,-0.64918,-0.57356,-0.48388,-0.47504,0.18801,0.0026249,-0.39349,-0.34373,-0.27418,-0.24822,0.20425,0.39327,0.30205,0.24668,-0.14664,-0.023133,-0.25981,-0.20216,-0.37982,-0.22141,-0.56015,-0.73002,-0.29729,-0.21122,-0.14851,-0.063582,0.088724,0.10039,0.038779,0.0071,-0.29401,-0.19034,-0.14061,-0.086981,-0.27199,-0.2546,-0.22905,-0.28117,-0.51377,-0.53426,-0.63803,-0.43129,-0.37927,-0.41875
-0.17455,-0.14353,-0.33806,-0.37487,-0.18139,-0.22712,-0.26833,-0.1085,-0.3328,-0.14092,-0.28527,0.14447,-0.082202,-0.16916,-0.67411,-0.49884,-0.57007,-0.55276,-0.3205,-0.18223,-0.4901,-0.21815,-0.40478,-0.22413,-0.45123,-0.10559,-0.13751,-0.079158,-0.19985,-0.255,-0.1026,-0.070063,-0.1597,-0.20408,0.015822,0.013373,-0.31469,-0.23812,-0.38021,-0.21963,-0.4981,-0.25124,0.12018,-0.080901,0.63189,0,-0.10651,-0.057246,-0.37358,-0.3622,-0.26923,-0.35042,-0.42791,-0.39991,-0.56285,-0.41416,-0.34894,-0.098428,-0.11613,-0.17473,-0.069011,-0.56335,-0.49319,-0.50966,-0.45353,-0.010738,-0.094001,-0.47828,-0.33354,-0.20121,-0.22848,0.10815,0.37757,0.16359,0.15266,-0.25179,-0.12311,-0.3111,-0.25239,-0.36337,-0.29051,-0.57278,-0.6771,-0.34629,-0.19421,-0.25501,-0.087099,-0.098885,-0.066245,-0.055047,-0.031426,-0.27877,-0.18884,-0.25439,-0.1662,-0.36198,-0.36985,-0.31762,-0.38701,-0.51559,-0.47688,-0.6436,-0.44433,-0.49684,-0.57172
-0.31038,-0.266,-0.2118,-0.3056,-0.53507,-0.53327,-0.40933,-0.19595,-0.54196,-0.4919,-0.34973,-0.28115,-0.40149,-0.16098,-0.62999,-0.69847,-0.25904,-0.34532,-0.37017,-0.45769,-0.67059,-0.52917,-0.6558,-0.71924,-0.70062,-0.61648,-0.49525,-0.36515,-0.82299,-0.8509,-0.28186,-0.25996,-0.43673,-0.43545,-0.18853,-0.18763,-0.37665,-0.31303,-0.37845,-0.37587,-0.7991,-0.5717,-0.15548,-0.39269,0.078065,-0.10651,0,0.40302,-0.74188,-0.50717,-0.52173,-0.4349,-0.69289,-0.60474,-0.85915,-0.62399,-0.48833,0.35502,0.16547,-0.50987,-0.41415,-0.52526,-0.51572,-0.31784,-0.35535,1,0.20437,-0.31838,-0.37616,-0.41036,-0.48715,0.11288,0.023638,0.5464,0.32994,-0.22399,-0.14308,-0.42202,-0.43752,-0.56356,-0.49379,-0.48733,-0.48258,-0.52132,-0.3738,-0.35868,-0.41504,0.89203,0.53091,0.30861,0.30296,-0.60675,-0.54234,-0.32426,-0.32116,-0.36902,-0.3352,-0.37794,-0.28525,-0.41518,-0.5507,-0.62463,-0.48988,-0.52286,-0.50892
-0.35688,-0.33198,-0.20075,-0.17614,-0.5442,-0.61069,-0.29149,-0.12689,-0.33592,-0.23878,-0.20699,-0.1916,-0.23503,-0.13317,-0.62801,-0.64115,-0.25669,-0.33105,-0.19938,-0.39883,-0.67267,-0.43995,-0.51382,-0.50546,-0.44021,-0.30833,-0.56053,-0.43532,-0.70814,-0.66877,-0.16489,-0.10886,-0.32325,-0.39408,-0.081295,-0.035078,-0.23129,-0.21255,-0.17069,-0.20207,-0.69392,-0.51622,-0.051775,-0.21607,0.065346,-0.057246,0.40302,0,-0.67801,-0.37949,-0.49783,-0.46905,-0.82483,-0.7037,-0.71123,-0.52786,-0.3621,0.50995,0.47641,-0.50391,-0.38627,-0.61959,-0.60596,-0.42867,-0.48812,0.41167,0.70521,-0.34166,-0.46656,-0.44449,-0.51635,0.044713,0.08364,0.39008,0.46907,-0.12942,-0.039685,-0.23003,-0.29579,-0.43252,-0.38804,-0.47072,-0.44203,-0.34175,-0.17894,-0.14215,-0.17657,0.44957,0.8284,0.097612,0.22846,-0.51506,-0.5449,-0.42809,-0.51759,-0.23091,-0.22099,-0.27646,-0.26032,-0.58513,-0.62722,-0.54521,-0.41252,-0.53107,-0.665
-0.092459,0.042105,-0.66492,-0.43793,-0.13033,0.067255,-0.16291,-0.43071,-0.30669,-0.13125,-0.69675,-0.35305,-0.51275,-0.55501,0.12439,-0.06731,-0.23696,-0.42358,-0.3518,-0.25796,0.51431,0.086628,0.08539,0.10579,-0.17002,-0.22437,-0.099244,-0.19119,0.29284,0.23647,-0.49171,-0.49133,-0.55212,-0.60786,-0.55171,-0.52271,-0.68424,-0.7255,-0.6823,-0.58843,0.44404,-0.040349,-0.26594,-0.034041,-0.57192,-0.37358,-0.74188,-0.67801,0,-0.41257,-0.25115,0.22218,0.22055,0.33043,0.044637,0.38006,0.15975,-0.81891,-0.7242,-0.014446,-0.061175,0.15077,0.15828,-0.01834,0.098269,-0.66804,-0.56576,-0.33481,-0.13638,0.11806,0.097405,-0.33512,-0.3653,-0.53529,-0.55334,-0.8913,-0.68568,-0.49756,-0.3233,-0.47688,-0.38791,-0.26867,-0.29395,-0.14653,-0.04647,-0.58415,-0.28101,-0.62696,-0.58692,-0.48074,-0.43288,-0.066452,0.091062,-0.5144,-0.32176,-0.47268,-0.39255,-0.41617,-0.18454,0.076253,0.25851,0.081046,0.1053,-0.35158,-0.34389
-0.44188,-0.71491,-0.090253,-0.15535,-0.18117,-0.39336,-0.16561,-0.4522,-0.17103,-0.33486,0.03005,-0.33503,0.49529,0.17778,-0.42837,-0.43324,-0.33385,-0.18465,-0.21112,-0.57305,-0.53738,-0.46175,-0.61507,-0.44722,-0.27881,-0.32847,-0.47987,-0.61445,-0.18573,-0.31913,-0.0864,-0.090045,0.30563,0.24255,-0.099936,-0.39961,0.11156,0.064114,-0.07727,-0.35587,-0.36469,-0.57184,-0.34024,-0.54789,-0.33708,-0.3622,-0.50717,-0.37949,-0.41257,0,0.41927,-0.72521,-0.38386,-0.58361,-0.21807,-0.40392,-0.41656,-0.24026,-0.23284,-0.34834,-0.55828,-0.36765,-0.44718,-0.29793,-0.26812,-0.53363,-0.53257,-0.080514,-0.25011,-0.249,-0.18198,-0.28578,-0.39884,-0.61968,-0.57066,-0.14552,-0.2707,0.43283,0.29093,0.1352,0.11407,-0.29533,-0.22834,-0.11142,-0.044485,0.19902,-0.074655,-0.56127,-0.44839,-0.68918,-0.63226,0.040798,-0.31474,0.03835,-0.2902,0.018983,-0.021335,-0.057599,-0.26545,-0.45843,-0.43755,-0.17829,-0.34746,-0.21791,-0.27467
-0.45523,-0.58688,-0.31966,-0.36223,-0.18352,-0.23582,-0.27672,-0.38798,-0.4238,-0.26543,-0.2885,-0.14871,0.29205,0.28949,-0.47727,-0.4371,-0.3515,-0.41409,-0.30886,-0.45283,-0.37199,-0.39312,-0.57314,-0.3382,-0.47847,-0.33533,-0.40358,-0.48438,-0.096422,-0.27367,-0.28869,-0.16001,0.038287,0.082665,-0.26861,-0.40997,-0.18097,-0.17661,-0.37014,-0.49716,-0.31516,-0.48856,-0.423,-0.56286,-0.28458,-0.26923,-0.52173,-0.49783,-0.25115,0.41927,0,-0.66221,-0.34431,-0.46596,-0.34575,-0.32594,-0.44215,-0.34094,-0.32254,-0.39336,-0.43661,-0.23926,-0.30083,-0.26823,-0.24908,-0.47979,-0.67691,-0.27646,-0.35089,-0.17316,-0.19347,-0.23906,-0.26344,-0.5056,-0.51746,-0.42751,-0.32554,0.0091473,0.27898,-0.13709,-0.033785,-0.4487,-0.40058,-0.16499,-0.025402,-0.0827,-0.13577,-0.56275,-0.45924,-0.59559,-0.52139,0.027055,-0.050731,-0.096595,-0.13518,-0.25725,-0.14853,-0.25391,-0.14041,-0.3323,-0.31448,-0.13825,-0.25085,-0.25897,-0.29222
0.0017534,0.077235,-0.63764,-0.48323,-0.31286,-0.22567,-0.2958,-0.58458,-0.38629,-0.45431,-0.7208,-0.59169,-0.87331,-0.98429,0.05809,-0.16104,-0.40561,-0.40376,-0.68793,-0.39059,0.2095,-0.090827,-0.11568,-0.19566,-0.27448,-0.46833,-0.18439,-0.16039,-0.14587,-0.1048,-0.6395,-0.7519,-0.8446,-0.95288,-0.6597,-0.54229,-0.79042,-0.83156,-0.65274,-0.65582,0.051132,-0.20022,-0.36882,-0.22567,-0.52308,-0.35042,-0.4349,-0.46905,0.22218,-0.72521,-0.66221,0,0.12222,0.12636,-0.12136,0.025187,-0.061963,-0.72029,-0.68066,-0.12049,-0.25133,0.021341,0.027767,-0.012786,-0.012882,-0.43304,-0.37552,-0.37128,-0.18485,-0.01051,-0.18596,-0.30988,-0.35082,-0.32648,-0.41097,-0.65983,-0.7725,-0.8155,-0.81118,-0.63282,-0.8247,-0.30894,-0.31583,-0.56502,-0.51113,-0.9212,-0.68024,-0.44955,-0.46104,-0.28811,-0.2529,-0.44726,-0.38398,-0.6667,-0.54951,-0.58555,-0.61881,-0.604,-0.39913,0.034601,0.11714,-0.20888,-0.14179,-0.35387,-0.3324
0.20534,0.033162,-0.37259,-0.3516,0.13993,0.087479,-0.098795,-0.42304,-0.28697,-0.35346,-0.46961,-0.37051,-0.46552,-0.59305,0.026259,-0.085895,-0.36918,-0.19741,-0.42063,-0.18572,0.17209,0.11344,-0.036019,-0.086663,-0.23099,-0.3279,-0.027421,-0.062406,0.11519,0.20367,-0.47069,-0.5577,-0.43259,-0.45895,-0.51416,-0.49081,-0.53814,-0.5848,-0.46766,-0.47428,0.33039,-0.066556,-0.25718,-0.20439,-0.55,-0.42791,-0.69289,-0.82483,0.22055,-0.38386,-0.34431,0.12222,0,0.43207,0.25574,0.36453,0.13175,-0.84322,-0.74529,0.12313,-0.019128,-0.091145,-0.010634,-0.13392,0.06417,-0.6919,-0.76824,-0.37481,-0.04546,-0.18532,-0.036247,-0.45774,-0.60461,-0.67574,-0.81622,-0.4878,-0.48014,-0.50258,-0.41442,-0.45815,-0.39712,-0.03274,-0.30334,-0.27882,-0.31434,-0.65838,-0.41777,-0.711,-0.72647,-0.56985,-0.6193,-0.084892,-0.028279,-0.40648,-0.27119,-0.42221,-0.45219,-0.47852,-0.46264,-0.026584,0.09313,-0.14676,-0.18678,-0.20061,-0.11028
-0.048711,0.32237,-0.63622,-0.53313,-0.083758,0.40288,-0.31017,-0.23444,-0.332,-0.2145,-0.67664,-0.30753,-0.70326,-0.7306,0.060787,0.0379,-0.21719,-0.36477,-0.33872,-0.0073697,0.37791,0.1623,0.28461,0.15152,-0.15456,-0.22152,0.17653,0.055088,0.067517,0.29297,-0.55008,-0.63693,-0.58231,-0.58456,-0.57442,-0.50702,-0.7308,-0.73918,-0.65358,-0.37496,0.30522,0.25464,-0.25573,0.063727,-0.49563,-0.39991,-0.60474,-0.7037,0.33043,-0.58361,-0.46596,0.12636,0.43207,0,0.044692,0.26576,0.12286,-0.70223,-0.66951,0.038889,0.2063,-0.079629,0.077069,-0.13465,0.013636,-0.56869,-0.5472,-0.45709,-0.060497,-0.17667,-0.047466,-0.4871,-0.52384,-0.49629,-0.61202,-0.65927,-0.47346,-0.6412,-0.52257,-0.597,-0.41391,-0.18289,-0.40371,-0.20118,-0.21455,-0.70379,-0.30346,-0.51147,-0.57989,-0.36831,-0.45862,-0.26312,0.040203,-0.50907,-0.16795,-0.62124,-0.57801,-0.55426,-0.40303,0.013076,0.14844,-0.26015,-0.22229,-0.28565,-0.17529
-0.12312,-0.29118,-0.10873,-0.04822,0.0018641,-0.19346,0.0095347,-0.43641,0.19901,-0.10745,-0.091359,-0.55349,-0.26412,-0.47549,0.01661,-0.17878,-0.17537,0.056382,-0.14391,-0.2381,-0.080638,-0.12999,-0.056437,-0.14776,0.19707,-0.057592,-0.2568,-0.39919,0.042009,0.093241,-0.098124,-0.23661,-0.15687,-0.21524,-0.26046,-0.35665,-0.10351,-0.16026,-0.069689,-0.19829,0.04842,-0.21294,-0.23497,-0.17511,-0.67402,-0.56285,-0.85915,-0.71123,0.044637,-0.21807,-0.34575,-0.12136,0.25574,0.044692,0,0.1277,0.052709,-0.72022,-0.65112,0.011983,-0.22229,-0.27026,-0.30121,-0.36573,-0.18148,-0.94204,-0.64145,-0.17883,-0.24216,-0.23196,-0.028161,-0.54072,-0.71332,-0.92956,-0.85693,-0.17601,-0.43159,-0.13737,-0.16004,-0.044118,-0.037561,0.16712,0.036316,-0.15454,-0.21539,-0.22904,-0.15215,-0.80184,-0.74956,-0.9221,-0.97269,0.040895,-0.14064,-0.30162,-0.43535,-0.041587,-0.1466,-0.15287,-0.39049,-0.27658,-0.20293,-0.021577,-0.11889,-0.20259,-0.20804
0.19618,0.10337,-0.42831,-0.24857,0.1561,0.090287,0.091615,-0.24858,-0.27444,-0.15728,-0.4922,-0.20936,-0.41615,-0.43911,-0.070893,-0.19658,-0.30288,-0.31712,-0.21995,-0.19654,0.21116,0.18462,0.14557,0.034379,-0.18164,-0.13556,-0.082209,-0.14635,0.18632,0.19353,-0.44505,-0.36461,-0.49271,-0.50972,-0.48641,-0.31785,-0.56769,-0.63427,-0.39911,-0.38762,0.58894,-0.0049558,-0.11397,0.028569,-0.54453,-0.41416,-0.62399,-0.52786,0.38006,-0.40392,-0.32594,0.025187,0.36453,0.26576,0.1277,0,0.71731,-0.64891,-0.53906,0.11712,0.04398,-0.089146,-0.066245,-0.15893,0.068347,-0.57638,-0.4847,-0.41301,-0.23752,-0.18725,-0.057599,-0.38772,-0.41915,-0.54308,-0.52931,-0.62757,-0.39169,-0.46549,-0.30057,-0.53415,-0.39236,-0.11974,-0.30313,-0.064522,-0.034469,-0.54146,-0.23738,-0.54303,-0.44758,-0.48269,-0.43549,0.022815,0.1455,-0.56494,-0.36946,-0.34838,-0.29012,-0.37191,-0.21257,-0.17419,-0.011852,-0.015033,-0.019543,-0.40072,-0.33945
0.13776,0.133,-0.35744,-0.17735,0.081759,0.0086148,0.073535,-0.17191,-0.18297,-0.10036,-0.39841,-0.19526,-0.38991,-0.41938,-0.09432,-0.21068,-0.26163,-0.26931,-0.089423,-0.19426,0.071875,0.21134,0.16887,0.050731,-0.090619,-0.066376,-0.028327,-0.11231,0.062447,0.10341,-0.34419,-0.3035,-0.4194,-0.45373,-0.32537,-0.22035,-0.45334,-0.52051,-0.27636,-0.2342,0.3777,0.070471,0.061168,0.21934,-0.41205,-0.34894,-0.48833,-0.3621,0.15975,-0.41656,-0.44215,-0.061963,0.13175,0.12286,0.052709,0.71731,0,-0.44912,-0.38017,0.10646,0.10765,-0.22507,-0.204,-0.20795,-0.020518,-0.46204,-0.2968,-0.39491,-0.25952,-0.2387,-0.044609,-0.32028,-0.36181,-0.42389,-0.37132,-0.51522,-0.33839,-0.36339,-0.29668,-0.44608,-0.3372,-0.10705,-0.31111,-0.018153,0.0018641,-0.37824,-0.14866,-0.37992,-0.31796,-0.38092,-0.36379,0.023576,0.075693,-0.49432,-0.38724,-0.2237,-0.20216,-0.21649,-0.17728,-0.32286,-0.1587,-0.10863,-0.052342,-0.45182,-0.39009
-0.53643,-0.44975,-0.13428,-0.2317,-0.58316,-0.5547,-0.47577,-0.14274,-0.37118,-0.21019,-0.20131,-0.15616,-0.11497,0.020947,-0.6132,-0.58841,-0.12423,-0.24611,-0.13074,-0.28078,-0.68678,-0.40481,-0.52435,-0.45173,-0.45294,-0.32677,-0.46392,-0.40218,-0.81884,-0.61828,-0.1494,-0.080694,-0.14406,-0.1682,0.068825,-0.057343,-0.1301,-0.10506,-0.17944,-0.14049,-0.81894,-0.46569,-0.022386,-0.24177,0.16985,-0.098428,0.35502,0.50995,-0.81891,-0.24026,-0.34094,-0.72029,-0.84322,-0.70223,-0.72022,-0.64891,-0.44912,0,0.90801,-0.61763,-0.30266,-0.63299,-0.59875,-0.40857,-0.49198,0.36133,0.27399,-0.35399,-0.40837,-0.47306,-0.3732,0.084484,0.0076533,0.24705,0.19723,-0.077436,-0.015075,-0.1271,-0.13125,-0.33599,-0.20479,-0.396,-0.45369,-0.33366,-0.13939,-0.01309,-0.099424,0.4062,0.4993,0.022773,0.0042157,-0.47232,-0.43117,-0.30584,-0.40274,-0.22464,-0.21177,-0.23487,-0.28676,-0.6,-0.63222,-0.5599,-0.41084,-0.47336,-0.53493
-0.5064,-0.47036,-0.14862,-0.21454,-0.57138,-0.57179,-0.44519,-0.1579,-0.37228,-0.10783,-0.22927,-0.076841,-0.089789,-0.0026802,-0.52698,-0.4765,-0.11801,-0.20712,-0.091193,-0.18463,-0.58282,-0.27793,-0.44499,-0.32881,-0.4251,-0.25279,-0.47921,-0.35332,-0.76455,-0.51553,-0.20017,-0.098892,-0.16496,-0.22511,0.038149,-0.030361,-0.1584,-0.16742,-0.1726,-0.13541,-0.67977,-0.42112,-0.0037523,-0.1973,0.11997,-0.11613,0.16547,0.47641,-0.7242,-0.23284,-0.32254,-0.68066,-0.74529,-0.66951,-0.65112,-0.53906,-0.38017,0.90801,0,-0.60344,-0.22912,-0.57772,-0.51854,-0.39081,-0.506,0.22381,0.2874,-0.40149,-0.38873,-0.49446,-0.37835,0.040086,-0.0072522,0.16149,0.1463,-0.096291,0.025554,-0.12966,-0.095329,-0.36276,-0.21285,-0.34826,-0.45658,-0.2696,-0.082305,-0.021099,-0.060255,0.22466,0.44376,-0.058332,-0.032256,-0.41643,-0.3587,-0.37903,-0.45995,-0.22626,-0.1986,-0.26561,-0.2877,-0.56285,-0.53169,-0.4647,-0.30482,-0.38896,-0.50238
0.16992,0.042403,-0.26172,-0.25093,0.27522,0.022607,0.19779,-0.22168,0.034227,-0.22924,-0.22895,-0.27896,-0.33051,-0.35947,-0.29065,-0.36031,-0.39892,-0.16041,-0.18958,-0.31954,-0.22675,-0.20604,-0.049818,-0.21843,-0.04104,-0.13069,-0.076682,-0.23,0.12572,-0.10039,-0.17964,-0.20434,-0.3768,-0.30172,-0.3762,-0.33233,-0.46412,-0.40406,-0.30251,-0.3008,0.02278,-0.1466,-0.12421,-0.015096,-0.24031,-0.17473,-0.50987,-0.50391,-0.014446,-0.34834,-0.39336,-0.12049,0.12313,0.038889,0.011983,0.11712,0.10646,-0.61763,-0.60344,0,-0.066293,-0.33769,-0.37176,-0.31197,-0.035237,-0.49167,-0.46835,-0.056416,-0.086608,-0.062295,-0.026564,-0.27293,-0.21352,-0.47503,-0.41036,-0.3043,-0.24924,-0.33357,-0.36919,-0.40924,-0.25003,-0.34161,-0.42286,0.05717,-0.20066,-0.36886,-0.18587,-0.49758,-0.4517,-0.4233,-0.42647,0.17093,3.8042e-05,-0.11636,-0.063091,-0.10791,-0.13556,-0.12468,-0.21603,-0.16749,-0.22445,-0.16037,-0.2423,-0.22825,-0.133
-0.15662,0.18485,-0.47299,-0.41172,-0.15841,0.15417,-0.34668,0.034656,-0.36657,0.090398,-0.54412,0.15195,-0.42055,-0.44583,-0.16566,0.024821,-0.20842,-0.35804,-0.063686,0.45697,0.033307,0.38912,0.25461,0.42294,-0.25288,0.019564,0.17621,0.26084,-0.11696,0.17722,-0.39183,-0.35632,-0.3657,-0.41674,-0.20102,-0.12246,-0.52891,-0.53624,-0.49081,-0.088413,-0.0093825,0.41084,0.13805,0.47468,-0.068285,-0.069011,-0.41415,-0.38627,-0.061175,-0.55828,-0.43661,-0.25133,-0.019128,0.2063,-0.22229,0.04398,0.10765,-0.30266,-0.22912,-0.066293,0,-0.28467,-0.090094,-0.27786,-0.21074,-0.29883,-0.24671,-0.61404,-0.18249,-0.34871,-0.088302,-0.26979,-0.21751,-0.2228,-0.26032,-0.46898,-0.13763,-0.46259,-0.30728,-0.50133,-0.23335,-0.17741,-0.50668,-0.063782,-0.03864,-0.40494,0.016195,-0.2653,-0.30412,-0.16686,-0.2763,-0.21073,0.24488,-0.41543,-0.063277,-0.47084,-0.38659,-0.41856,-0.35564,-0.31731,-0.082748,-0.41723,-0.19164,-0.25351,-0.22718
-0.34473,-0.28343,-0.66137,-0.51777,-0.463,-0.32283,-0.41227,-0.79399,-0.62709,-0.41533,-0.83194,-0.51811,-0.59638,-0.58615,0.2375,-0.010344,-0.12777,-0.36707,-0.44913,-0.32038,0.31894,-0.12372,-0.15497,-0.17854,-0.50142,-0.63676,-0.31963,-0.28822,-0.14476,-0.15041,-0.6869,-0.62341,-0.62191,-0.75172,-0.59646,-0.75395,-0.73532,-0.85461,-0.85558,-0.90983,0.0022791,-0.31654,-0.41673,-0.34639,-0.64918,-0.56335,-0.52526,-0.61959,0.15077,-0.36765,-0.23926,0.021341,-0.091145,-0.079629,-0.27026,-0.089146,-0.22507,-0.63299,-0.57772,-0.33769,-0.28467,0,0.63438,0.57116,0.26157,-0.44717,-0.53536,-0.17498,-0.18175,0.14108,0.0053293,-0.22188,-0.3513,-0.51197,-0.55621,-0.95225,-0.82948,-0.55389,-0.38867,-0.45299,-0.46087,-0.29561,-0.085791,-0.32087,-0.21728,-0.65661,-0.47784,-0.49447,-0.55643,-0.39616,-0.36949,-0.26781,-0.19869,-0.40876,-0.36132,-0.48895,-0.35336,-0.50742,-0.16172,0.14626,0.59862,0.069426,0.19465,-0.24104,-0.14499
-0.26903,-0.1074,-0.70604,-0.54089,-0.47468,-0.1763,-0.48736,-0.54353,-0.72949,-0.3583,-0.91892,-0.34372,-0.65385,-0.66665,0.262,0.2106,-0.15365,-0.39925,-0.41222,-0.11851,0.41063,0.05744,-0.061237,-0.020767,-0.54144,-0.57603,-0.23048,-0.095426,-0.14689,-0.036724,-0.78535,-0.77882,-0.6575,-0.8267,-0.61061,-0.64548,-0.79732,-0.92421,-0.90963,-0.71462,0.092314,-0.12984,-0.37191,-0.23685,-0.57356,-0.49319,-0.51572,-0.60596,0.15828,-0.44718,-0.30083,0.027767,-0.010634,0.077069,-0.30121,-0.066245,-0.204,-0.59875,-0.51854,-0.37176,-0.090094,0.63438,0,0.36063,0.14983,-0.4168,-0.46044,-0.3682,-0.087749,-0.094264,-0.10371,-0.33223,-0.42855,-0.42459,-0.51285,-0.9223,-0.62445,-0.5903,-0.41574,-0.51093,-0.47042,-0.19146,-0.19407,-0.29007,-0.20264,-0.70764,-0.42879,-0.44566,-0.53399,-0.24537,-0.26442,-0.39877,-0.16733,-0.47212,-0.26385,-0.63369,-0.48989,-0.61762,-0.27173,0.15378,0.83185,-0.096166,0.036856,-0.16248,-0.13229
-0.32727,-0.22678,-0.60518,-0.52513,-0.51159,-0.36938,-0.43508,-0.76523,-0.66256,-0.52302,-0.83101,-0.57805,-0.57013,-0.50491,0.12598,-0.12664,-0.10865,-0.29568,-0.48883,-0.43367,0.12908,-0.17597,-0.288,-0.2913,-0.57606,-0.83877,-0.35025,-0.32136,-0.31968,-0.29828,-0.7252,-0.69155,-0.59763,-0.73591,-0.51762,-0.76859,-0.734,-0.83872,-0.84724,-0.9833,-0.11782,-0.38112,-0.34171,-0.34079,-0.48388,-0.50966,-0.31784,-0.42867,-0.01834,-0.29793,-0.26823,-0.012786,-0.13392,-0.13465,-0.36573,-0.15893,-0.20795,-0.40857,-0.39081,-0.31197,-0.27786,0.57116,0.36063,0,0.47634,-0.26689,-0.40557,-0.12971,-0.11815,0.12945,0.0051495,-0.060787,-0.28925,-0.36693,-0.46861,-0.83026,-0.76889,-0.49469,-0.41481,-0.51115,-0.50013,-0.33772,-0.20314,-0.35755,-0.22678,-0.60175,-0.48834,-0.31226,-0.38202,-0.26763,-0.27187,-0.29139,-0.28568,-0.33008,-0.3447,-0.44558,-0.31555,-0.51858,-0.1798,0.063948,0.40904,-0.075645,0.062178,-0.17216,-0.063941
-0.065429,-0.072975,-0.40525,-0.30518,-0.20211,-0.19575,-0.11738,-0.54636,-0.48469,-0.51059,-0.61564,-0.50182,-0.47846,-0.39825,-0.071211,-0.32139,-0.19876,-0.24667,-0.43525,-0.47696,0.024592,-0.2031,-0.24387,-0.34183,-0.48908,-0.66667,-0.33294,-0.39799,-0.16585,-0.23078,-0.54279,-0.46772,-0.53235,-0.56626,-0.45534,-0.55905,-0.66704,-0.68113,-0.67512,-0.8245,-0.0065882,-0.37853,-0.20308,-0.2569,-0.47504,-0.45353,-0.35535,-0.48812,0.098269,-0.26812,-0.24908,-0.012882,0.06417,0.013636,-0.18148,0.068347,-0.020518,-0.49198,-0.506,-0.035237,-0.21074,0.26157,0.14983,0.47634,0,-0.32213,-0.50789,-0.084138,-0.050876,0.10783,0.11311,-0.070962,-0.28422,-0.43246,-0.52518,-0.68605,-0.54948,-0.44096,-0.32339,-0.51528,-0.40251,-0.21565,-0.1583,-0.23191,-0.12594,-0.60271,-0.39024,-0.35393,-0.39063,-0.28435,-0.30842,-0.14606,-0.16757,-0.32165,-0.27796,-0.33981,-0.23305,-0.44469,-0.1862,-0.013788,0.1927,-0.046401,-0.012661,-0.25924,-0.14613
-0.30914,-0.21422,-0.27895,-0.33933,-0.55954,-0.5038,-0.42576,-0.16324,-0.61684,-0.39441,-0.43495,-0.16221,-0.39681,-0.1536,-0.61575,-0.62831,-0.22777,-0.37784,-0.3179,-0.33819,-0.58897,-0.44264,-0.56295,-0.58538,-0.76036,-0.55556,-0.46887,-0.29835,-0.75851,-0.76952,-0.33766,-0.25713,-0.47974,-0.48934,-0.19303,-0.14898,-0.45405,-0.38605,-0.45249,-0.37568,-0.75254,-0.50327,-0.094714,-0.30489,0.18801,-0.010738,1,0.41167,-0.66804,-0.53363,-0.47979,-0.43304,-0.6919,-0.56869,-0.94204,-0.57638,-0.46204,0.36133,0.22381,-0.49167,-0.29883,-0.44717,-0.4168,-0.26689,-0.32213,0,0.26715,-0.34771,-0.39922,-0.37083,-0.45492,0.19398,0.17587,0.75875,0.46866,-0.29131,-0.1044,-0.46251,-0.39843,-0.61163,-0.47593,-0.50741,-0.51169,-0.45549,-0.2997,-0.37777,-0.33238,0.89397,0.60616,0.41139,0.43048,-0.58951,-0.43582,-0.3465,-0.267,-0.3976,-0.30975,-0.40617,-0.21545,-0.40278,-0.45667,-0.59931,-0.40182,-0.47846,-0.48114
-0.36805,-0.20113,-0.28948,-0.19696,-0.64146,-0.54994,-0.34986,-0.068085,-0.29771,-0.12154,-0.27004,-0.18541,-0.39362,-0.32992,-0.43203,-0.38963,-0.16031,-0.30317,-0.069703,-0.22834,-0.51406,-0.32437,-0.29997,-0.32889,-0.32559,-0.21901,-0.46319,-0.30594,-0.62805,-0.55516,-0.21091,-0.22014,-0.42683,-0.53466,-0.13404,-0.053006,-0.28954,-0.28323,-0.19894,-0.086587,-0.56135,-0.31563,-0.038453,-0.029953,0.0026249,-0.094001,0.20437,0.70521,-0.56576,-0.53257,-0.67691,-0.37552,-0.76824,-0.5472,-0.64145,-0.4847,-0.2968,0.27399,0.2874,-0.46835,-0.24671,-0.53536,-0.46044,-0.40557,-0.50789,0.26715,0,-0.34546,-0.44829,-0.46728,-0.51816,-0.095032,0.0035586,0.34086,0.53029,-0.1765,-0.065014,-0.27882,-0.37682,-0.39456,-0.35996,-0.38423,-0.37408,-0.25198,-0.18249,-0.1536,-0.11078,0.38462,0.46873,0.18162,0.27195,-0.57332,-0.51288,-0.42854,-0.44366,-0.23233,-0.21699,-0.23196,-0.21239,-0.52924,-0.49139,-0.52861,-0.34493,-0.42995,-0.56724
-0.35579,-0.52556,-0.071903,-0.13334,-0.33052,-0.54805,-0.084574,-0.64318,0.03817,-0.35485,-0.087901,-0.71951,-0.25037,-0.22365,-0.17529,-0.43192,-0.01448,0.1732,-0.12118,-0.62619,-0.45094,-0.61983,-0.40756,-0.62235,-0.107,-0.46593,-0.55711,-0.69145,-0.27151,-0.5368,-0.065913,-0.15668,-0.27803,-0.25636,-0.2959,-0.59263,-0.21641,-0.17623,-0.22779,-0.46842,-0.40345,-0.64948,-0.359,-0.43641,-0.39349,-0.47828,-0.31838,-0.34166,-0.33481,-0.080514,-0.27646,-0.37128,-0.37481,-0.45709,-0.17883,-0.41301,-0.39491,-0.35399,-0.40149,-0.056416,-0.61404,-0.17498,-0.3682,-0.12971,-0.084138,-0.34771,-0.34546,0,-0.11176,0.064986,-0.046823,-0.15055,-0.25717,-0.47401,-0.36785,-0.16257,-0.40272,-0.04306,-0.18112,-0.091345,-0.033397,-0.32503,-0.027518,-0.036143,-0.22053,-0.072919,-0.23403,-0.34439,-0.33443,-0.48099,-0.44056,-0.0038215,-0.39302,0.13935,-0.24114,0.22749,0.17086,0.16695,0.0051149,-0.081925,-0.24485,0.086642,-0.075949,-0.1576,-0.11778
-0.15132,-0.22169,-0.25551,-0.30313,-0.16993,-0.1171,-0.24472,-0.4295,-0.2777,-0.42048,-0.35913,-0.33178,-0.39009,-0.4443,-0.058208,-0.078155,-0.31611,-0.16407,-0.40256,-0.32755,-0.16466,-0.075112,-0.2239,-0.19774,-0.25387,-0.43614,-0.15344,-0.13539,-0.18145,-0.090349,-0.31236,-0.43013,-0.32393,-0.36005,-0.28876,-0.49293,-0.46665,-0.45342,-0.51952,-0.49299,-0.073002,-0.21179,-0.19823,-0.26434,-0.34373,-0.33354,-0.37616,-0.46656,-0.13638,-0.25011,-0.35089,-0.18485,-0.04546,-0.060497,-0.24216,-0.23752,-0.25952,-0.40837,-0.38873,-0.086608,-0.18249,-0.18175,-0.087749,-0.11815,-0.050876,-0.39922,-0.44829,-0.11176,0,-0.14829,0.0081583,-0.2809,-0.40646,-0.40175,-0.46333,-0.36767,-0.30014,-0.29262,-0.383,-0.39969,-0.29991,-0.22074,-0.33927,-0.15572,-0.19415,-0.40189,-0.38761,-0.38758,-0.38619,-0.29164,-0.33994,-0.20423,-0.26562,-0.2552,-0.24337,-0.37157,-0.47255,-0.3008,-0.4885,0.11956,-0.016631,-0.15024,-0.23466,-0.24001,-0.26938
-0.33715,-0.29844,-0.55138,-0.52886,-0.3149,-0.30149,-0.28528,-0.81274,-0.24892,-0.26846,-0.56979,-0.56763,-0.36175,-0.37164,-0.063042,-0.36027,-0.15645,-0.30803,-0.41611,-0.51136,-0.0074389,-0.28503,-0.2891,-0.28223,-0.26249,-0.45071,-0.25066,-0.40831,-0.031737,-0.19407,-0.30819,-0.32435,-0.41408,-0.45824,-0.37229,-0.70426,-0.57586,-0.55775,-0.72229,-0.84553,-0.20808,-0.4319,-0.25573,-0.26401,-0.27418,-0.20121,-0.41036,-0.44449,0.11806,-0.249,-0.17316,-0.01051,-0.18532,-0.17667,-0.23196,-0.18725,-0.2387,-0.47306,-0.49446,-0.062295,-0.34871,0.14108,-0.094264,0.12945,0.10783,-0.37083,-0.46728,0.064986,-0.14829,0,0.3605,0.14118,-0.0053017,-0.35571,-0.3744,-0.66648,-0.83979,-0.37389,-0.28294,-0.38535,-0.31863,-0.58887,-0.31988,-0.26169,-0.11378,-0.40989,-0.30703,-0.41374,-0.39457,-0.47429,-0.40696,-0.0052463,-0.13309,-0.20285,-0.31855,-0.28298,-0.22584,-0.25603,-0.093538,0.077498,0.075423,0.032968,0.11472,-0.3895,-0.30334
-0.28532,-0.28703,-0.3195,-0.33144,-0.16283,-0.17982,-0.22347,-0.60764,-0.13202,-0.11703,-0.40524,-0.41453,-0.23294,-0.31581,0.01143,-0.2506,-0.054514,-0.13808,-0.19344,-0.26632,0.022088,-0.037783,-0.12123,-0.093365,-0.14157,-0.27333,-0.11646,-0.30245,-0.00041846,0.055987,-0.14472,-0.17837,-0.1826,-0.24297,-0.1051,-0.46733,-0.37169,-0.38375,-0.51479,-0.51927,-0.10113,-0.24912,0.044934,-0.052059,-0.24822,-0.22848,-0.48715,-0.51635,0.097405,-0.18198,-0.19347,-0.18596,-0.036247,-0.047466,-0.028161,-0.057599,-0.044609,-0.3732,-0.37835,-0.026564,-0.088302,0.0053293,-0.10371,0.0051495,0.11311,-0.45492,-0.51816,-0.046823,0.0081583,0.3605,0,0.07155,-0.16981,-0.46717,-0.49234,-0.49455,-0.59412,-0.20721,-0.084622,-0.2484,-0.066238,-0.24431,-0.21439,-0.12019,0.079566,-0.25838,-0.10449,-0.43018,-0.43952,-0.52323,-0.5689,0.13379,0.052411,-0.19057,-0.3083,-0.18113,-0.18709,-0.15014,-0.23846,-0.055628,0.031322,0.035016,0.15167,-0.40487,-0.31905
-0.3138,-0.34836,-0.26513,-0.32489,-0.40515,-0.5241,-0.28663,-0.49481,-0.39764,-0.24665,-0.42957,-0.28723,-0.17977,-0.080355,-0.42165,-0.65378,-0.17917,-0.27109,-0.32881,-0.42703,-0.38446,-0.32939,-0.55286,-0.45711,-0.56784,-0.48362,-0.43811,-0.42178,-0.43385,-0.47721,-0.1807,-0.09248,-0.28207,-0.35414,-0.018831,-0.2583,-0.39978,-0.3589,-0.52908,-0.60641,-0.58116,-0.60665,0.097951,-0.24126,0.20425,0.10815,0.11288,0.044713,-0.33512,-0.28578,-0.23906,-0.30988,-0.45774,-0.4871,-0.54072,-0.38772,-0.32028,0.084484,0.040086,-0.27293,-0.26979,-0.22188,-0.33223,-0.060787,-0.070962,0.19398,-0.095032,-0.15055,-0.2809,0.14118,0.07155,0,0.42571,0.13255,0.048282,-0.3871,-0.38638,-0.29743,-0.15351,-0.44201,-0.2947,-0.50883,-0.41325,-0.37174,-0.075506,-0.28553,-0.2012,0.092701,0.11849,-0.11181,-0.068092,-0.17519,-0.21115,-0.23038,-0.35115,-0.22792,-0.14922,-0.28908,-0.17601,-0.2837,-0.25733,-0.2799,-0.059245,-0.46828,-0.46462
-0.30964,-0.25746,-0.38018,-0.38374,-0.36141,-0.41575,-0.27268,-0.26027,-0.39427,-0.16041,-0.42726,-0.042915,-0.2003,-0.07902,-0.63676,-0.66264,-0.35286,-0.47313,-0.30125,-0.32512,-0.45729,-0.37234,-0.40599,-0.3464,-0.49554,-0.24889,-0.3462,-0.32284,-0.3641,-0.47365,-0.23169,-0.029144,-0.37641,-0.34447,-0.13534,-0.095565,-0.4776,-0.38308,-0.48554,-0.40709,-0.57614,-0.44251,0.00081963,-0.14632,0.39327,0.37757,0.023638,0.08364,-0.3653,-0.39884,-0.26344,-0.35082,-0.60461,-0.52384,-0.71332,-0.41915,-0.36181,0.0076533,-0.0072522,-0.21352,-0.21751,-0.3513,-0.42855,-0.28925,-0.28422,0.17587,0.0035586,-0.25717,-0.40646,-0.0053017,-0.16981,0.42571,0,0.25901,0.30722,-0.38288,-0.21009,-0.40368,-0.25061,-0.52101,-0.36429,-0.72655,-0.57984,-0.28994,-0.14068,-0.30168,-0.15608,0.033065,0.15685,-0.0015666,0.10009,-0.25555,-0.18265,-0.30776,-0.26161,-0.30192,-0.20699,-0.28219,-0.09654,-0.37356,-0.38458,-0.36617,-0.1829,-0.50311,-0.53005
-0.28998,-0.10624,-0.38418,-0.39666,-0.5666,-0.41622,-0.46551,-0.087057,-0.57049,-0.2793,-0.49121,-0.072442,-0.41907,-0.21798,-0.60412,-0.55366,-0.30278,-0.48654,-0.34281,-0.28086,-0.51032,-0.35015,-0.48021,-0.42413,-0.63828,-0.40962,-0.37006,-0.19493,-0.62943,-0.62262,-0.35215,-0.29632,-0.51594,-0.52172,-0.20966,-0.090163,-0.4935,-0.41028,-0.4841,-0.31249,-0.65935,-0.36825,-0.083703,-0.19954,0.30205,0.16359,0.5464,0.39008,-0.53529,-0.61968,-0.5056,-0.32648,-0.67574,-0.49629,-0.92956,-0.54308,-0.42389,0.24705,0.16149,-0.47503,-0.2228,-0.51197,-0.42459,-0.36693,-0.43246,0.75875,0.34086,-0.47401,-0.40175,-0.35571,-0.46717,0.13255,0.25901,0,0.74291,-0.33828,-0.13018,-0.50409,-0.43312,-0.62934,-0.52318,-0.56797,-0.64328,-0.46337,-0.29883,-0.38723,-0.30923,0.61834,0.53527,0.49985,0.58818,-0.62475,-0.39164,-0.42894,-0.27513,-0.47451,-0.40302,-0.41315,-0.22339,-0.3974,-0.45757,-0.62827,-0.40621,-0.51178,-0.59054
-0.30168,-0.17852,-0.30794,-0.26539,-0.51936,-0.47986,-0.32585,-0.02998,-0.40485,-0.16726,-0.33469,-0.025367,-0.33677,-0.17354,-0.61704,-0.54143,-0.30059,-0.44543,-0.16727,-0.28801,-0.58758,-0.38357,-0.41049,-0.39803,-0.4806,-0.2502,-0.40821,-0.24968,-0.53397,-0.63286,-0.21451,-0.1423,-0.45026,-0.45846,-0.14958,0.0048382,-0.37548,-0.30393,-0.31934,-0.17833,-0.62349,-0.35657,-0.041656,-0.12509,0.24668,0.15266,0.32994,0.46907,-0.55334,-0.57066,-0.51746,-0.41097,-0.81622,-0.61202,-0.85693,-0.52931,-0.37132,0.19723,0.1463,-0.41036,-0.26032,-0.55621,-0.51285,-0.46861,-0.52518,0.46866,0.53029,-0.36785,-0.46333,-0.3744,-0.49234,0.048282,0.30722,0.74291,0,-0.26506,-0.052626,-0.37169,-0.35817,-0.47264,-0.4043,-0.55721,-0.53003,-0.2933,-0.22454,-0.22478,-0.18761,0.46382,0.51023,0.34696,0.52876,-0.49382,-0.37714,-0.35481,-0.27799,-0.28753,-0.23302,-0.20752,-0.10211,-0.4851,-0.55094,-0.52187,-0.34681,-0.52488,-0.63868
-0.32434,-0.59945,0.46873,0.16354,-0.26533,-0.61282,-0.15501,-0.19278,0.15741,-0.25892,0.59074,-0.34448,0.0098736,-0.14198,-0.60019,-0.53166,-0.34503,0.12515,-0.10831,-0.30782,-1,-0.57525,-0.52109,-0.58045,-0.073625,-0.11501,-0.5341,-0.51704,-0.56158,-0.53338,0.18675,0.052315,0.086635,0.12336,0.074835,0.021929,0.37694,0.48671,0.5049,0.19171,-0.7207,-0.52803,-0.20756,-0.41301,-0.14664,-0.25179,-0.22399,-0.12942,-0.8913,-0.14552,-0.42751,-0.65983,-0.4878,-0.65927,-0.17601,-0.62757,-0.51522,-0.077436,-0.096291,-0.3043,-0.46898,-0.95225,-0.9223,-0.83026,-0.68605,-0.29131,-0.1765,-0.16257,-0.36767,-0.66648,-0.49455,-0.3871,-0.38288,-0.33828,-0.26506,0,0.15121,0.097211,-0.14285,0.095378,0.023596,-0.053892,-0.14456,-0.29823,-0.45586,0.13689,-0.14015,-0.27915,-0.22947,-0.40949,-0.45418,-0.32008,-0.5865,-0.094043,-0.38309,0.16926,-0.068638,0.0091266,-0.4852,-0.70635,-0.87647,-0.48886,-0.58184,-0.19538,-0.30738
-0.17827,-0.28358,0.10573,0.069724,-0.15001,-0.27456,-0.081545,0.32869,-0.22186,-0.15044,0.055337,0.21208,-0.05688,0.006602,-0.78431,-0.47153,-0.40151,-0.20111,-0.020325,-0.083447,-0.78322,-0.34871,-0.31567,-0.33479,-0.32095,-0.010621,-0.40391,-0.28186,-0.45512,-0.4298,-0.10409,0.044381,-0.14678,-0.055628,-0.076481,0.27181,-0.095212,-0.0072452,0.055766,0.2038,-0.47947,-0.27231,-0.084602,-0.19195,-0.023133,-0.12311,-0.14308,-0.039685,-0.68568,-0.2707,-0.32554,-0.7725,-0.48014,-0.47346,-0.43159,-0.39169,-0.33839,-0.015075,0.025554,-0.24924,-0.13763,-0.82948,-0.62445,-0.76889,-0.54948,-0.1044,-0.065014,-0.40272,-0.30014,-0.83979,-0.59412,-0.38638,-0.21009,-0.13018,-0.052626,0.15121,0,-0.12812,-0.12,-0.28935,-0.0958,-0.15831,-0.37892,-0.046511,-0.19553,-0.076136,-0.012329,-0.11708,-0.0037177,-0.092563,-0.11827,-0.33562,-0.26119,-0.28291,-0.14849,-0.14485,-0.15555,-0.18476,-0.33779,-0.64983,-0.70761,-0.51216,-0.55256,-0.26203,-0.38844
-0.46837,-0.67808,0.13186,0.095758,-0.26332,-0.4928,-0.09683,-0.28174,0.11448,-0.097183,0.34406,-0.31878,0.43774,0.11196,-0.38735,-0.38124,-0.1915,-0.0078608,0.11225,-0.429,-0.66696,-0.45308,-0.52635,-0.40285,-0.087126,-0.13221,-0.54073,-0.62902,-0.24454,-0.35699,0.27996,0.10052,0.46983,0.2512,0.16905,-0.19935,0.49577,0.41837,0.19054,-0.066127,-0.44932,-0.50075,-0.1529,-0.32573,-0.25981,-0.3111,-0.42202,-0.23003,-0.49756,0.43283,0.0091473,-0.8155,-0.50258,-0.6412,-0.13737,-0.46549,-0.36339,-0.1271,-0.12966,-0.33357,-0.46259,-0.55389,-0.5903,-0.49469,-0.44096,-0.46251,-0.27882,-0.04306,-0.29262,-0.37389,-0.20721,-0.29743,-0.40368,-0.50409,-0.37169,0.097211,-0.12812,0,0.40828,0.48865,0.47523,-0.12092,-0.084539,0.03577,0.034705,0.80128,0.19013,-0.3848,-0.33876,-0.56706,-0.55205,0.040238,-0.32991,0.14998,-0.26811,0.34993,0.20412,0.24268,-0.24583,-0.59902,-0.58051,-0.22016,-0.32265,-0.19955,-0.3413
-0.44281,-0.61249,0.023921,0.022324,-0.24219,-0.39646,-0.11715,-0.25375,-0.11791,0.081157,-0.0098943,-0.13676,0.47184,0.35888,-0.40942,-0.44233,-0.077547,-0.08456,0.12968,-0.27456,-0.47648,-0.32949,-0.45568,-0.291,-0.25872,-0.1068,-0.55171,-0.59981,-0.18538,-0.27306,0.072311,0.17095,0.23855,0.16948,0.083509,-0.13154,0.14243,0.13856,-0.068901,-0.18772,-0.38847,-0.48644,-0.094624,-0.28978,-0.20216,-0.25239,-0.43752,-0.29579,-0.3233,0.29093,0.27898,-0.81118,-0.41442,-0.52257,-0.16004,-0.30057,-0.29668,-0.13125,-0.095329,-0.36919,-0.30728,-0.38867,-0.41574,-0.41481,-0.32339,-0.39843,-0.37682,-0.18112,-0.383,-0.28294,-0.084622,-0.15351,-0.25061,-0.43312,-0.35817,-0.14285,-0.12,0.40828,0,0.12489,0.47495,-0.11181,-0.14202,0.055939,0.2529,0.31946,0.28606,-0.37574,-0.28799,-0.53855,-0.50404,0.12233,-0.014577,-0.042548,-0.21762,0.11629,0.20968,0.046076,-0.087811,-0.4921,-0.42036,-0.067123,-0.094569,-0.24698,-0.38141
-0.51718,-0.70863,0.075665,0.062441,-0.33121,-0.56128,-0.21554,-0.40168,0.09589,-0.1676,0.29956,-0.43535,0.14592,-0.17223,-0.27093,-0.24935,-0.24513,-0.056997,-0.0055161,-0.36261,-0.56919,-0.45586,-0.46268,-0.37808,-0.046138,-0.1276,-0.46471,-0.53265,-0.21664,-0.31568,0.20272,-0.02581,0.36072,0.15655,0.1247,-0.22312,0.59558,0.44708,0.20046,-0.013996,-0.45475,-0.43451,-0.24402,-0.38028,-0.37982,-0.36337,-0.56356,-0.43252,-0.47688,0.1352,-0.13709,-0.63282,-0.45815,-0.597,-0.044118,-0.53415,-0.44608,-0.33599,-0.36276,-0.40924,-0.50133,-0.45299,-0.51093,-0.51115,-0.51528,-0.61163,-0.39456,-0.091345,-0.39969,-0.38535,-0.2484,-0.44201,-0.52101,-0.62934,-0.47264,0.095378,-0.28935,0.48865,0.12489,0,0.35495,-0.012128,0.1374,-0.18579,-0.22971,0.40786,0.0095278,-0.52978,-0.58631,-0.64699,-0.68685,-0.11264,-0.43731,0.10128,-0.31393,0.26195,0.075112,0.19677,-0.31815,-0.64326,-0.54528,-0.27014,-0.32874,-0.19642,-0.29836
-0.51015,-0.55596,0.071598,0.014058,-0.24718,-0.3354,-0.16554,-0.20766,0.12562,0.13611,0.15156,-0.24093,0.19752,0.037499,-0.30381,-0.28497,0.031495,0.060663,0.36068,-0.14395,-0.5025,-0.35434,-0.29686,-0.24154,-0.031433,0.0071899,-0.40615,-0.50351,-0.16885,-0.22949,0.28736,0.15473,0.30841,0.20643,0.16305,-0.17837,0.26456,0.28742,0.022144,0.024703,-0.421,-0.33494,-0.083018,-0.16401,-0.22141,-0.29051,-0.49379,-0.38804,-0.38791,0.11407,-0.033785,-0.8247,-0.39712,-0.41391,-0.037561,-0.39236,-0.3372,-0.20479,-0.21285,-0.25003,-0.23335,-0.46087,-0.47042,-0.50013,-0.40251,-0.47593,-0.35996,-0.033397,-0.29991,-0.31863,-0.066238,-0.2947,-0.36429,-0.52318,-0.4043,0.023596,-0.0958,0.47523,0.47495,0.35495,0,-0.041462,-0.040134,0.15473,0.11049,0.48588,0.46479,-0.39397,-0.40909,-0.57101,-0.63429,0.086718,-0.080334,0.15983,-0.08178,0.24564,0.22888,0.21273,-0.1751,-0.48973,-0.44635,-0.17193,-0.19658,-0.15459,-0.23754
-0.13428,-0.32524,0.1523,0.2642,-0.25142,-0.40597,-0.11551,-0.28735,-0.16596,-0.21632,-0.080085,-0.36901,-0.28288,-0.4149,-0.068071,-0.12757,-0.14394,0.12197,-0.085957,-0.10917,-0.25487,-0.10142,-0.19564,-0.24344,-0.19276,-0.23446,-0.45,-0.34282,-0.32503,-0.1619,-0.19034,-0.26173,-0.17534,-0.26823,-0.098103,-0.092542,-0.015379,-0.08667,0.0013038,-0.074745,-0.15165,-0.26917,-0.10034,-0.23423,-0.56015,-0.57278,-0.48733,-0.47072,-0.26867,-0.29533,-0.4487,-0.30894,-0.03274,-0.18289,0.16712,-0.11974,-0.10705,-0.396,-0.34826,-0.34161,-0.17741,-0.29561,-0.19146,-0.33772,-0.21565,-0.50741,-0.38423,-0.32503,-0.22074,-0.58887,-0.24431,-0.50883,-0.72655,-0.56797,-0.55721,-0.053892,-0.15831,-0.12092,-0.11181,-0.012128,-0.041462,0,0.26895,-0.25331,-0.2665,-0.20946,-0.19321,-0.43112,-0.47975,-0.42086,-0.51779,-0.29317,-0.31465,-0.3681,-0.44913,-0.062171,-0.14748,-0.19795,-0.42994,-0.42477,-0.25257,-0.17911,-0.16637,-0.15418,-0.25865
-0.37906,-0.5825,0.04638,0.2215,-0.4121,-0.66531,-0.11658,-0.55046,-0.13016,-0.31913,-0.051623,-0.63439,-0.30291,-0.4335,-0.0663,-0.24693,-0.10357,0.002867,-0.15853,-0.37466,-0.31756,-0.40506,-0.3149,-0.4406,-0.19698,-0.33854,-0.65198,-0.63606,-0.34023,-0.35013,-0.10765,-0.15171,-0.18562,-0.31155,-0.12209,-0.26417,0.011202,-0.065027,-0.056043,-0.27382,-0.31457,-0.53143,-0.25168,-0.39406,-0.73002,-0.6771,-0.48258,-0.44203,-0.29395,-0.22834,-0.40058,-0.31583,-0.30334,-0.40371,0.036316,-0.30313,-0.31111,-0.45369,-0.45658,-0.42286,-0.50668,-0.085791,-0.19407,-0.20314,-0.1583,-0.51169,-0.37408,-0.027518,-0.33927,-0.31988,-0.21439,-0.41325,-0.57984,-0.64328,-0.53003,-0.14456,-0.37892,-0.084539,-0.14202,0.1374,-0.040134,0.26895,0,-0.29708,-0.27426,-0.16875,-0.23851,-0.4489,-0.50442,-0.52881,-0.5501,-0.28793,-0.49884,-0.29303,-0.56046,0.040549,-0.0178,-0.12556,-0.30324,-0.41187,-0.26022,-0.06132,-0.070464,-0.26537,-0.31924
-0.25769,-0.21681,-0.22944,-0.14317,-0.11788,-0.087119,0.00097871,-0.052896,0.0030468,0.13397,-0.15567,-0.089713,-0.12056,-0.089651,-0.22096,-0.16762,-0.044485,-0.086172,0.42156,-0.14128,-0.27836,-0.18174,0.0099773,-0.060151,-0.0037316,0.021943,-0.26281,-0.33012,0.014681,-0.14635,-0.10035,-0.079898,-0.21349,-0.19178,-0.2711,-0.29221,-0.26591,-0.25032,-0.19543,-0.10231,-0.042631,-0.10445,-0.14525,0.064924,-0.29729,-0.34629,-0.52132,-0.34175,-0.14653,-0.11142,-0.16499,-0.56502,-0.27882,-0.20118,-0.15454,-0.064522,-0.018153,-0.33366,-0.2696,0.05717,-0.063782,-0.32087,-0.29007,-0.35755,-0.23191,-0.45549,-0.25198,-0.036143,-0.15572,-0.26169,-0.12019,-0.37174,-0.28994,-0.46337,-0.2933,-0.29823,-0.046511,0.03577,0.055939,-0.18579,0.15473,-0.25331,-0.29708,0,0.28821,0.059937,0.26547,-0.37628,-0.29898,-0.39245,-0.36404,0.20138,0.12951,-0.021514,0.028224,0.05109,0.15402,0.14374,0.069599,-0.233,-0.23476,0.0099428,-0.086946,-0.14968,-0.18867
-0.32706,-0.25961,-0.3048,-0.17159,-0.19235,-0.12493,-0.0853,-0.16681,-0.19606,0.18099,-0.28733,-0.048552,-0.0070032,-0.024613,-0.24077,-0.27943,-0.011866,-0.28028,0.1621,-0.16856,-0.17937,-0.051284,-0.13181,-0.020989,-0.22378,-0.049409,-0.28922,-0.35278,-0.0096799,-0.036883,-0.06271,0.0060832,-0.089561,-0.21794,-0.050565,-0.23754,-0.25195,-0.27515,-0.35151,-0.28726,-0.11654,-0.20663,0.11437,0.088613,-0.21122,-0.19421,-0.3738,-0.17894,-0.04647,-0.044485,-0.025402,-0.51113,-0.31434,-0.21455,-0.21539,-0.034469,0.0018641,-0.13939,-0.082305,-0.20066,-0.03864,-0.21728,-0.20264,-0.22678,-0.12594,-0.2997,-0.18249,-0.22053,-0.19415,-0.11378,0.079566,-0.075506,-0.14068,-0.29883,-0.22454,-0.45586,-0.19553,0.034705,0.2529,-0.22971,0.11049,-0.2665,-0.27426,0.28821,0,-0.0012692,0.39659,-0.22719,-0.13082,-0.37098,-0.31366,0.10048,0.14967,-0.2545,-0.22487,-0.14615,-0.023444,-0.118,-0.086103,-0.31572,-0.18747,-0.080196,-0.0016635,-0.43777,-0.5124
-0.57787,-0.66596,0.07469,0.022683,-0.34904,-0.51138,-0.20377,-0.20111,0.15878,0.041186,0.29773,-0.25508,0.32244,0.12441,-0.42787,-0.38356,-0.1153,-0.02074,0.26515,-0.32855,-0.70465,-0.45485,-0.43491,-0.33791,0.0018641,-0.0013937,-0.47047,-0.55566,-0.31593,-0.40323,0.27938,0.14794,0.34683,0.25479,0.18865,-0.13222,0.4614,0.44189,0.23951,0.10376,-0.53747,-0.40843,-0.13986,-0.23503,-0.14851,-0.25501,-0.35868,-0.14215,-0.58415,0.19902,-0.0827,-0.9212,-0.65838,-0.70379,-0.22904,-0.54146,-0.37824,-0.01309,-0.021099,-0.36886,-0.40494,-0.65661,-0.70764,-0.60175,-0.60271,-0.37777,-0.1536,-0.072919,-0.40189,-0.40989,-0.25838,-0.28553,-0.30168,-0.38723,-0.22478,0.13689,-0.076136,0.80128,0.31946,0.40786,0.48588,-0.20946,-0.16875,0.059937,-0.0012692,0,0.27682,-0.2909,-0.24044,-0.49563,-0.48668,-0.010558,-0.29292,0.12526,-0.2442,0.37046,0.24588,0.39237,-0.14249,-0.66738,-0.68592,-0.2558,-0.30667,-0.23182,-0.35865
-0.42993,-0.30219,-0.17008,-0.096706,-0.23902,-0.20011,-0.14577,0.0020301,0.021466,0.43926,-0.051111,-0.015365,0.088641,-0.036683,-0.36442,-0.27437,-0.010814,-0.16916,0.46437,0.017828,-0.38946,-0.18408,-0.11701,-0.023479,-0.057191,0.23167,-0.28732,-0.35197,-0.11273,-0.11424,0.14738,0.14373,0.095191,-0.034933,0.13467,-0.052902,0.0021061,0.010655,-0.094845,0.08519,-0.33143,-0.15158,0.12425,0.18506,-0.063582,-0.087099,-0.41504,-0.17657,-0.28101,-0.074655,-0.13577,-0.68024,-0.41777,-0.30346,-0.15215,-0.23738,-0.14866,-0.099424,-0.060255,-0.18587,0.016195,-0.47784,-0.42879,-0.48834,-0.39024,-0.33238,-0.11078,-0.23403,-0.38761,-0.30703,-0.10449,-0.2012,-0.15608,-0.30923,-0.18761,-0.14015,-0.012329,0.19013,0.28606,0.0095278,0.46479,-0.19321,-0.23851,0.26547,0.39659,0.27682,0,-0.25262,-0.20351,-0.39783,-0.40796,0.016182,0.042922,-0.095343,-0.11136,0.0283,0.11043,0.010883,-0.15268,-0.57481,-0.41164,-0.29742,-0.19589,-0.2709,-0.37082
-0.35421,-0.17843,-0.26339,-0.28843,-0.58334,-0.45974,-0.41851,-0.084118,-0.49761,-0.31124,-0.3855,-0.20898,-0.43208,-0.18897,-0.52885,-0.55929,-0.1296,-0.34372,-0.20264,-0.31808,-0.5606,-0.41585,-0.47829,-0.52165,-0.59791,-0.4767,-0.44027,-0.31293,-0.73623,-0.71105,-0.25315,-0.2377,-0.44262,-0.47748,-0.13936,-0.13683,-0.38228,-0.32813,-0.38973,-0.27619,-0.69089,-0.41801,-0.049672,-0.19611,0.088724,-0.098885,0.89203,0.44957,-0.62696,-0.56127,-0.56275,-0.44955,-0.711,-0.51147,-0.80184,-0.54303,-0.37992,0.4062,0.22466,-0.49758,-0.2653,-0.49447,-0.44566,-0.31226,-0.35393,0.89397,0.38462,-0.34439,-0.38758,-0.41374,-0.43018,0.092701,0.033065,0.61834,0.46382,-0.27915,-0.11708,-0.3848,-0.37574,-0.52978,-0.39397,-0.43112,-0.4489,-0.37628,-0.22719,-0.2909,-0.25262,0,0.61605,0.40295,0.35958,-0.57028,-0.42194,-0.33293,-0.26759,-0.34677,-0.27535,-0.32288,-0.2097,-0.42918,-0.49127,-0.58819,-0.39807,-0.511,-0.52271
-0.30776,-0.25042,-0.21793,-0.20926,-0.49734,-0.49097,-0.29165,-0.087922,-0.41577,-0.2234,-0.32752,-0.12632,-0.30109,-0.072525,-0.62623,-0.67776,-0.18465,-0.32328,-0.20232,-0.3576,-0.58764,-0.38891,-0.45789,-0.47866,-0.49708,-0.34074,-0.50719,-0.38587,-0.68618,-0.65402,-0.24587,-0.1227,-0.42804,-0.4273,-0.15254,-0.052806,-0.36879,-0.3134,-0.29898,-0.26533,-0.63124,-0.47398,-0.037112,-0.20113,0.10039,-0.066245,0.53091,0.8284,-0.58692,-0.44839,-0.45924,-0.46104,-0.72647,-0.57989,-0.74956,-0.44758,-0.31796,0.4993,0.44376,-0.4517,-0.30412,-0.55643,-0.53399,-0.38202,-0.39063,0.60616,0.46873,-0.33443,-0.38619,-0.39457,-0.43952,0.11849,0.15685,0.53527,0.51023,-0.22947,-0.0037177,-0.33876,-0.28799,-0.58631,-0.40909,-0.47975,-0.50442,-0.29898,-0.13082,-0.24044,-0.20351,0.61605,0,0.19328,0.32321,-0.47763,-0.3874,-0.46549,-0.42454,-0.29801,-0.23633,-0.2998,-0.16129,-0.4498,-0.54442,-0.45343,-0.32701,-0.55753,-0.65322
-0.21665,0.048794,-0.40596,-0.35962,-0.55269,-0.31528,-0.44404,0.023458,-0.67352,-0.42758,-0.5458,-0.086753,-0.5813,-0.33755,-0.51691,-0.39862,-0.35441,-0.50502,-0.3549,-0.26301,-0.44311,-0.34846,-0.36783,-0.40102,-0.68387,-0.50592,-0.3496,-0.16517,-0.61884,-0.61008,-0.49998,-0.4366,-0.64754,-0.597,-0.34001,-0.10706,-0.59344,-0.50295,-0.52143,-0.29609,-0.48758,-0.25842,-0.1716,-0.17244,0.038779,-0.055047,0.30861,0.097612,-0.48074,-0.68918,-0.59559,-0.28811,-0.56985,-0.36831,-0.9221,-0.48269,-0.38092,0.022773,-0.058332,-0.4233,-0.16686,-0.39616,-0.24537,-0.26763,-0.28435,0.41139,0.18162,-0.48099,-0.29164,-0.47429,-0.52323,-0.11181,-0.0015666,0.49985,0.34696,-0.40949,-0.092563,-0.56706,-0.53855,-0.64699,-0.57101,-0.42086,-0.52881,-0.39245,-0.37098,-0.49563,-0.39783,0.40295,0.19328,0,0.81851,-0.74268,-0.43431,-0.40922,-0.15474,-0.52469,-0.44462,-0.45093,-0.24512,-0.33237,-0.34709,-0.61908,-0.462,-0.38659,-0.4281
-0.17508,-0.020083,-0.43155,-0.34095,-0.53459,-0.38607,-0.34748,-0.049015,-0.66878,-0.40168,-0.54219,-0.073466,-0.5173,-0.28346,-0.54344,-0.46499,-0.3906,-0.54326,-0.36899,-0.36263,-0.44796,-0.36838,-0.42113,-0.43904,-0.70213,-0.49316,-0.44316,-0.2295,-0.5499,-0.64357,-0.49473,-0.395,-0.69378,-0.66718,-0.39603,-0.13055,-0.61871,-0.53937,-0.51423,-0.3808,-0.45695,-0.35535,-0.20661,-0.23248,0.0071,-0.031426,0.30296,0.22846,-0.43288,-0.63226,-0.52139,-0.2529,-0.6193,-0.45862,-0.97269,-0.43549,-0.36379,0.0042157,-0.032256,-0.42647,-0.2763,-0.36949,-0.26442,-0.27187,-0.30842,0.43048,0.27195,-0.44056,-0.33994,-0.40696,-0.5689,-0.068092,0.10009,0.58818,0.52876,-0.45418,-0.11827,-0.55205,-0.50404,-0.68685,-0.63429,-0.51779,-0.5501,-0.36404,-0.31366,-0.48668,-0.40796,0.35958,0.32321,0.81851,0,-0.66119,-0.44134,-0.46384,-0.25077,-0.49312,-0.39838,-0.42849,-0.15342,-0.30591,-0.34742,-0.50419,-0.38608,-0.44278,-0.53397
-0.1778,-0.40382,-0.14261,-0.16363,0.13502,-0.19805,0.12984,-0.3881,0.042147,-0.027829,-0.12089,-0.24898,0.07902,0.0095485,-0.2235,-0.35332,-0.21647,-0.075029,0.014231,-0.36739,-0.25695,-0.18919,-0.24881,-0.20537,-0.083211,-0.10005,-0.2518,-0.39455,0.1502,-0.1096,0.00088188,0.016825,-0.026273,-0.041075,-0.15439,-0.35961,-0.17211,-0.18996,-0.20498,-0.34685,-0.062136,-0.32021,-0.10483,-0.17826,-0.29401,-0.27877,-0.60675,-0.51506,-0.066452,0.040798,0.027055,-0.44726,-0.084892,-0.26312,0.040895,0.022815,0.023576,-0.47232,-0.41643,0.17093,-0.21073,-0.26781,-0.39877,-0.29139,-0.14606,-0.58951,-0.57332,-0.0038215,-0.20423,-0.0052463,0.13379,-0.17519,-0.25555,-0.62475,-0.49382,-0.32008,-0.33562,0.040238,0.12233,-0.11264,0.086718,-0.29317,-0.28793,0.20138,0.10048,-0.010558,0.016182,-0.57028,-0.47763,-0.74268,-0.66119,0,0.22564,0.054044,-0.13317,0.133,0.17781,0.11587,-0.050495,-0.25265,-0.26343,0.12732,0.025256,-0.23642,-0.20307
-0.21816,-0.10604,-0.4299,-0.40502,-0.018755,0.12957,-0.19393,-0.12643,-0.29168,0.18427,-0.50831,0.064343,-0.20762,-0.10606,-0.21023,-0.19291,-0.12078,-0.31203,0.00051529,0.046428,0.0094378,0.084816,0.03117,0.15138,-0.24385,-0.010558,-0.028929,-0.094292,0.093732,0.07108,-0.30377,-0.1811,-0.29225,-0.25003,-0.29742,-0.27065,-0.48668,-0.46826,-0.51219,-0.29027,0.025249,0.024834,-0.08077,0.06592,-0.19034,-0.18884,-0.54234,-0.5449,0.091062,-0.31474,-0.050731,-0.38398,-0.028279,0.040203,-0.14064,0.1455,0.075693,-0.43117,-0.3587,3.8042e-05,0.24488,-0.19869,-0.16733,-0.28568,-0.16757,-0.43582,-0.51288,-0.39302,-0.26562,-0.13309,0.052411,-0.21115,-0.18265,-0.39164,-0.37714,-0.5865,-0.26119,-0.32991,-0.014577,-0.43731,-0.080334,-0.31465,-0.49884,0.12951,0.14967,-0.29292,0.042922,-0.42194,-0.3874,-0.43431,-0.44134,0.22564,0,-0.25022,0.039526,-0.31656,-0.15216,-0.23512,-0.045571,-0.1682,-0.094638,-0.047819,0.045246,-0.27245,-0.22315
-0.40935,-0.48047,-0.10566,-0.2772,-0.26416,-0.3845,-0.24821,-0.3592,-0.073016,-0.29767,-0.012343,-0.40052,-0.013152,-0.038018,-0.34304,-0.33257,-0.19671,-0.02619,-0.024689,-0.42566,-0.61133,-0.57713,-0.54514,-0.53175,-0.26484,-0.40348,-0.37749,-0.44694,-0.23135,-0.51495,0.012972,-0.17623,0.010987,0.012329,-0.15742,-0.47814,-0.046525,-0.00081271,-0.18745,-0.27195,-0.50173,-0.46151,-0.33417,-0.40676,-0.14061,-0.25439,-0.32426,-0.42809,-0.5144,0.03835,-0.096595,-0.6667,-0.40648,-0.50907,-0.30162,-0.56494,-0.49432,-0.30584,-0.37903,-0.11636,-0.41543,-0.40876,-0.47212,-0.33008,-0.32165,-0.3465,-0.42854,0.13935,-0.2552,-0.20285,-0.19057,-0.23038,-0.30776,-0.42894,-0.35481,-0.094043,-0.28291,0.14998,-0.042548,0.10128,0.15983,-0.3681,-0.29303,-0.021514,-0.2545,0.12526,-0.095343,-0.33293,-0.46549,-0.40922,-0.46384,0.054044,-0.25022,0,0.22816,0.15636,0.14655,0.16844,-0.12439,-0.31334,-0.40037,-0.28576,-0.36799,0.010081,0.070837
-0.29863,-0.082603,-0.40383,-0.49812,-0.20724,0.03763,-0.35431,-0.0117,-0.36804,-0.22262,-0.37706,-0.07442,-0.28191,-0.13734,-0.39481,-0.20383,-0.24451,-0.32567,-0.088759,-0.13185,-0.37577,-0.36304,-0.27807,-0.26247,-0.41496,-0.32091,-0.13522,-0.13782,-0.1411,-0.35184,-0.30945,-0.35979,-0.30179,-0.2137,-0.39807,-0.41027,-0.43123,-0.33826,-0.49512,-0.24805,-0.31193,-0.11578,-0.36064,-0.21202,-0.086981,-0.1662,-0.32116,-0.51759,-0.32176,-0.2902,-0.13518,-0.54951,-0.27119,-0.16795,-0.43535,-0.36946,-0.38724,-0.40274,-0.45995,-0.063091,-0.063277,-0.36132,-0.26385,-0.3447,-0.27796,-0.267,-0.44366,-0.24114,-0.24337,-0.31855,-0.3083,-0.35115,-0.26161,-0.27513,-0.27799,-0.38309,-0.14849,-0.26811,-0.21762,-0.31393,-0.08178,-0.44913,-0.56046,0.028224,-0.22487,-0.2442,-0.11136,-0.26759,-0.42454,-0.15474,-0.25077,-0.13317,0.039526,0.22816,0,-0.29787,-0.1674,-0.19582,-0.10193,-0.20196,-0.25446,-0.41137,-0.43087,-0.014238,0.081634
-0.28042,-0.57035,0.3128,0.28071,-0.22168,-0.64135,0.10316,-0.36351,0.28988,-0.11294,0.33041,-0.44466,0.075216,-0.025014,-0.33144,-0.47973,-0.11752,0.29716,0.19221,-0.46237,-0.64835,-0.50099,-0.42193,-0.51305,0.0096661,-0.15366,-0.59756,-0.66744,-0.27593,-0.49289,0.2185,0.12437,0.02103,0.0054953,0.016901,-0.17711,0.2308,0.23399,0.28972,-0.069081,-0.42406,-0.55587,-0.12426,-0.28929,-0.27199,-0.36198,-0.36902,-0.23091,-0.47268,0.018983,-0.25725,-0.58555,-0.42221,-0.62124,-0.041587,-0.34838,-0.2237,-0.22464,-0.22626,-0.10791,-0.47084,-0.48895,-0.63369,-0.44558,-0.33981,-0.3976,-0.23233,0.22749,-0.37157,-0.28298,-0.18113,-0.22792,-0.30192,-0.47451,-0.28753,0.16926,-0.14485,0.34993,0.11629,0.26195,0.24564,-0.062171,0.040549,0.05109,-0.14615,0.37046,0.0283,-0.34677,-0.29801,-0.52469,-0.49312,0.133,-0.31656,0.15636,-0.29787,0,0.6902,0.60658,-0.018478,-0.52401,-0.55234,-0.045439,-0.13515,-0.15546,-0.22976
-0.33866,-0.50097,0.091311,0.13411,-0.2996,-0.59229,0.044478,-0.31051,0.043198,-0.026543,0.032968,-0.36407,0.021978,0.082388,-0.33112,-0.47789,0.0071,0.16795,0.26729,-0.40563,-0.547,-0.49493,-0.40288,-0.46551,-0.14964,-0.20193,-0.65551,-0.68715,-0.28209,-0.54515,0.028307,0.073805,-0.10847,-0.11751,-0.088828,-0.21255,0.014363,0.028272,0.029711,-0.17663,-0.41146,-0.5475,-0.15371,-0.25091,-0.2546,-0.36985,-0.3352,-0.22099,-0.39255,-0.021335,-0.14853,-0.61881,-0.45219,-0.57801,-0.1466,-0.29012,-0.20216,-0.21177,-0.1986,-0.13556,-0.38659,-0.35336,-0.48989,-0.31555,-0.23305,-0.30975,-0.21699,0.17086,-0.47255,-0.22584,-0.18709,-0.14922,-0.20699,-0.40302,-0.23302,-0.068638,-0.15555,0.20412,0.20968,0.075112,0.22888,-0.14748,-0.0178,0.15402,-0.023444,0.24588,0.11043,-0.27535,-0.23633,-0.44462,-0.39838,0.17781,-0.15216,0.14655,-0.1674,0.6902,0,0.35557,0.22343,-0.47266,-0.43294,0.016292,-0.0058481,-0.083869,-0.14965
-0.32224,-0.48154,0.085155,0.059204,-0.22085,-0.46059,-0.042099,-0.29883,0.2501,-0.063727,0.17533,-0.35382,-0.0047345,-0.049658,-0.29789,-0.38183,-0.11189,0.097494,0.25934,-0.41249,-0.5631,-0.4197,-0.30324,-0.38583,0.10178,-0.08115,-0.37652,-0.47448,-0.16591,-0.40731,0.16566,0.045087,-0.0401,0.02258,-0.062627,-0.24259,0.098864,0.13247,0.13845,-0.009424,-0.34631,-0.3602,-0.16204,-0.22145,-0.22905,-0.31762,-0.37794,-0.27646,-0.41617,-0.057599,-0.25391,-0.604,-0.47852,-0.55426,-0.15287,-0.37191,-0.21649,-0.23487,-0.26561,-0.12468,-0.41856,-0.50742,-0.61762,-0.51858,-0.44469,-0.40617,-0.23196,0.16695,-0.3008,-0.25603,-0.15014,-0.28908,-0.28219,-0.41315,-0.20752,0.0091266,-0.18476,0.24268,0.046076,0.19677,0.21273,-0.19795,-0.12556,0.14374,-0.118,0.39237,0.010883,-0.32288,-0.2998,-0.45093,-0.42849,0.11587,-0.23512,0.16844,-0.19582,0.60658,0.35557,0,0.096305,-0.42667,-0.54985,-0.032775,-0.15003,-0.28409,-0.31938
-0.33696,-0.25732,-0.35765,-0.2667,-0.42097,-0.37516,-0.21143,-0.31334,-0.28381,-0.09313,-0.43186,-0.308,-0.30279,-0.050495,-0.26302,-0.40544,0.039242,-0.16775,0.027553,-0.40597,-0.27145,-0.40461,-0.2495,-0.3454,-0.25963,-0.31515,-0.44842,-0.4638,-0.21433,-0.51981,-0.3922,-0.26915,-0.52733,-0.40127,-0.4943,-0.42506,-0.4426,-0.39445,-0.36263,-0.36985,-0.25354,-0.35827,-0.37356,-0.25568,-0.28117,-0.38701,-0.28525,-0.26032,-0.18454,-0.26545,-0.14041,-0.39913,-0.46264,-0.40303,-0.39049,-0.21257,-0.17728,-0.28676,-0.2877,-0.21603,-0.35564,-0.16172,-0.27173,-0.1798,-0.1862,-0.21545,-0.21239,0.0051149,-0.4885,-0.093538,-0.23846,-0.17601,-0.09654,-0.22339,-0.10211,-0.4852,-0.33779,-0.24583,-0.087811,-0.31815,-0.1751,-0.42994,-0.30324,0.069599,-0.086103,-0.14249,-0.15268,-0.2097,-0.16129,-0.24512,-0.15342,-0.050495,-0.045571,-0.12439,-0.10193,-0.018478,0.22343,0.096305,0,-0.19245,-0.23597,0.11602,0.095032,-0.2296,-0.22009
-0.25645,-0.20431,-0.59197,-0.63944,-0.38418,-0.17077,-0.42658,-0.63465,-0.42291,-0.38875,-0.74565,-0.53736,-0.68176,-0.53055,0.13863,-0.079068,-0.098719,-0.20513,-0.4522,-0.34692,0.11913,-0.20654,-0.1797,-0.25529,-0.33441,-0.62173,-0.2711,-0.25282,-0.17824,-0.20483,-0.59701,-0.68503,-0.74667,-0.68923,-0.78773,-0.89116,-0.8581,-0.82588,-0.87568,-0.82919,-0.045993,-0.30281,-0.56802,-0.39594,-0.51377,-0.51559,-0.41518,-0.58513,0.076253,-0.45843,-0.3323,0.034601,-0.026584,0.013076,-0.27658,-0.17419,-0.32286,-0.6,-0.56285,-0.16749,-0.31731,0.14626,0.15378,0.063948,-0.013788,-0.40278,-0.52924,-0.081925,0.11956,0.077498,-0.055628,-0.2837,-0.37356,-0.3974,-0.4851,-0.70635,-0.64983,-0.59902,-0.4921,-0.64326,-0.48973,-0.42477,-0.41187,-0.233,-0.31572,-0.66738,-0.57481,-0.42918,-0.4498,-0.33237,-0.30591,-0.25265,-0.1682,-0.31334,-0.20196,-0.52401,-0.47266,-0.42667,-0.19245,0,0.37,0.1054,0.0044578,-0.15315,-0.096346
-0.24871,-0.1124,-0.70353,-0.59696,-0.42971,-0.17209,-0.44957,-0.64806,-0.55983,-0.29427,-0.90988,-0.43349,-0.65649,-0.671,0.40274,0.17749,-0.075209,-0.27412,-0.38967,-0.14541,0.51362,0.064004,-0.035106,-0.015158,-0.41673,-0.55557,-0.21067,-0.12514,-0.10275,-0.0065743,-0.71436,-0.76671,-0.67558,-0.83488,-0.63736,-0.76942,-0.85005,-0.96933,-0.94441,-0.7898,0.11603,-0.15609,-0.37122,-0.2087,-0.53426,-0.47688,-0.5507,-0.62722,0.25851,-0.43755,-0.31448,0.11714,0.09313,0.14844,-0.20293,-0.011852,-0.1587,-0.63222,-0.53169,-0.22445,-0.082748,0.59862,0.83185,0.40904,0.1927,-0.45667,-0.49139,-0.24485,-0.016631,0.075423,0.031322,-0.25733,-0.38458,-0.45757,-0.55094,-0.87647,-0.70761,-0.58051,-0.42036,-0.54528,-0.44635,-0.25257,-0.26022,-0.23476,-0.18747,-0.68592,-0.41164,-0.49127,-0.54442,-0.34709,-0.34742,-0.26343,-0.094638,-0.40037,-0.25446,-0.55234,-0.43294,-0.54985,-0.23597,0.37,0,0.017606,0.15237,-0.091401,-0.043454
-0.28872,-0.47982,-0.23816,-0.15769,-0.27929,-0.41341,-0.082215,-0.63527,-0.14303,-0.14099,-0.37577,-0.50163,-0.29654,-0.22361,0.061638,-0.24566,-0.0080614,0.01549,-0.15004,-0.44002,-0.039657,-0.23977,-0.18,-0.25041,-0.1074,-0.32066,-0.50831,-0.55698,-0.10308,-0.2275,-0.33398,-0.25269,-0.43425,-0.38701,-0.46599,-0.51014,-0.39323,-0.41764,-0.35965,-0.55261,-0.00064671,-0.44063,-0.3917,-0.35111,-0.63803,-0.6436,-0.62463,-0.54521,0.081046,-0.17829,-0.13825,-0.20888,-0.14676,-0.26015,-0.021577,-0.015033,-0.10863,-0.5599,-0.4647,-0.16037,-0.41723,0.069426,-0.096166,-0.075645,-0.046401,-0.59931,-0.52861,0.086642,-0.15024,0.032968,0.035016,-0.2799,-0.36617,-0.62827,-0.52187,-0.48886,-0.51216,-0.22016,-0.067123,-0.27014,-0.17193,-0.17911,-0.06132,0.0099428,-0.080196,-0.2558,-0.29742,-0.58819,-0.45343,-0.61908,-0.50419,0.12732,-0.047819,-0.28576,-0.41137,-0.045439,0.016292,-0.032775,0.11602,0.1054,0.017606,0,0.5105,-0.19117,-0.23333
-0.34603,-0.38667,-0.33448,-0.22401,-0.42877,-0.46737,-0.22881,-0.63225,-0.26872,0.021784,-0.54331,-0.39915,-0.37431,-0.31683,0.16504,-0.15943,0.12378,-0.049728,-0.106,-0.23021,0.10295,-0.052508,-0.10568,-0.090993,-0.21949,-0.29174,-0.43645,-0.3925,-0.18341,-0.17836,-0.36938,-0.27259,-0.47423,-0.54302,-0.31871,-0.41465,-0.46846,-0.51876,-0.49371,-0.54384,-0.077512,-0.34366,-0.16646,-0.15322,-0.43129,-0.44433,-0.48988,-0.41252,0.1053,-0.34746,-0.25085,-0.14179,-0.18678,-0.22229,-0.11889,-0.019543,-0.052342,-0.41084,-0.30482,-0.2423,-0.19164,0.19465,0.036856,0.062178,-0.012661,-0.40182,-0.34493,-0.075949,-0.23466,0.11472,0.15167,-0.059245,-0.1829,-0.40621,-0.34681,-0.58184,-0.55256,-0.32265,-0.094569,-0.32874,-0.19658,-0.16637,-0.070464,-0.086946,-0.0016635,-0.30667,-0.19589,-0.39807,-0.32701,-0.462,-0.38608,0.025256,0.045246,-0.36799,-0.43087,-0.13515,-0.0058481,-0.15003,0.095032,0.0044578,0.15237,0.5105,0,-0.2165,-0.26364
-0.41007,-0.3696,-0.25811,-0.32259,-0.49959,-0.43232,-0.40397,-0.3603,-0.26509,-0.24779,-0.33076,-0.42406,-0.33638,-0.32658,-0.10893,-0.036074,-0.14272,0.066833,-0.20669,-0.19634,-0.30982,-0.37913,-0.35034,-0.29542,-0.28234,-0.42758,-0.51937,-0.38699,-0.43506,-0.43737,-0.46156,-0.54444,-0.36138,-0.37096,-0.45127,-0.46108,-0.31542,-0.31515,-0.31819,-0.31701,-0.32931,-0.34774,-0.54921,-0.3861,-0.37927,-0.49684,-0.52286,-0.53107,-0.35158,-0.21791,-0.25897,-0.35387,-0.20061,-0.28565,-0.20259,-0.40072,-0.45182,-0.47336,-0.38896,-0.22825,-0.25351,-0.24104,-0.16248,-0.17216,-0.25924,-0.47846,-0.42995,-0.1576,-0.24001,-0.3895,-0.40487,-0.46828,-0.50311,-0.51178,-0.52488,-0.19538,-0.26203,-0.19955,-0.24698,-0.19642,-0.15459,-0.15418,-0.26537,-0.14968,-0.43777,-0.23182,-0.2709,-0.511,-0.55753,-0.38659,-0.44278,-0.23642,-0.27245,0.010081,-0.014238,-0.15546,-0.083869,-0.28409,-0.2296,-0.15315,-0.091401,-0.19117,-0.2165,0,0.57448
-0.38804,-0.3031,-0.37021,-0.49749,-0.3963,-0.30483,-0.45763,-0.42717,-0.32709,-0.38681,-0.42103,-0.50033,-0.44883,-0.39701,-0.082043,-0.053124,-0.13765,-0.005772,-0.25225,-0.20562,-0.22608,-0.3808,-0.26505,-0.32349,-0.30894,-0.52334,-0.32279,-0.30408,-0.38462,-0.40412,-0.54464,-0.62529,-0.42501,-0.37607,-0.56851,-0.63692,-0.43805,-0.44267,-0.41456,-0.38973,-0.27987,-0.27353,-0.59648,-0.39238,-0.41875,-0.57172,-0.50892,-0.665,-0.34389,-0.27467,-0.29222,-0.3324,-0.11028,-0.17529,-0.20804,-0.33945,-0.39009,-0.53493,-0.50238,-0.133,-0.22718,-0.14499,-0.13229,-0.063941,-0.14613,-0.48114,-0.56724,-0.11778,-0.26938,-0.30334,-0.31905,-0.46462,-0.53005,-0.59054,-0.63868,-0.30738,-0.38844,-0.3413,-0.38141,-0.29836,-0.23754,-0.25865,-0.31924,-0.18867,-0.5124,-0.35865,-0.37082,-0.52271,-0.65322,-0.4281,-0.53397,-0.20307,-0.22315,0.070837,0.081634,-0.22976,-0.14965,-0.31938,-0.22009,-0.096346,-0.043454,-0.23333,-0.26364,0.57448,0
